path,bytes
.DS_Store,6148
.gitignore,157
.zenodo.json,1551
CITATION.cff,837
FINAL_REVISION_NOTES.md,1296
LICENSE,1080
README.md,2350
RELEASE_NOTES_v1.0.0.md,590
RELEASE_NOTES_v1.1.0.md,991
RELEASE_NOTES_v2.0.0.md,1276
STAGE5C_SELECTION_V060.csv,38266
Supplementary_Material_Final.aux,5410
Supplementary_Material_Final.log,20715
Supplementary_Material_Final.out,3133
Supplementary_Material_Final.pdf,241559
Supplementary_Material_Final.tex,15455
body_final.tex,63729
build.sh,669
build_main_1.log,13514
build_main_2.log,8177
build_main_3.log,8177
build_supp_1.log,7915
build_supp_2.log,7042
build_supp_3.log,7042
data/figure_data/figure1_stage3_paired_outcomes.csv,171
data/figure_data/figure2_stage3_concentration.csv,954
data/figure_data/figure3_stage5_mitigation.csv,2111
data/figure_data/figure4_stage4_power.csv,3425
fig1_null_placement_discordance.pdf,38833
fig2_seasonal_concentration.pdf,20131
fig3_probability_equalization.pdf,28582
fig4_gaussian_operator_ablation.pdf,28297
fig5_within_fiber_lumpability.pdf,31042
fig6_sinca_application.pdf,32103
figS1_mechanism_specific_power.pdf,21857
figS2_sinca_width_mechanism.pdf,27595
figS_nearzero_path.pdf,23913
figures/fig1_null_placement_discordance.pdf,38833
figures/fig1_null_placement_discordance.png,375385
figures/fig2_seasonal_concentration.pdf,20131
figures/fig2_seasonal_concentration.png,177592
figures/fig3_probability_equalization.pdf,28582
figures/fig3_probability_equalization.png,163406
figures/fig4_gaussian_operator_ablation.pdf,28297
figures/fig4_mechanism_specific_power.pdf,24794
figures/fig4_mechanism_specific_power.png,195613
figures/fig5_within_fiber_lumpability.pdf,31042
figures/fig6_sinca_application.pdf,32103
figures/figS1_mechanism_specific_power.pdf,21857
figures/figS2_sinca_width_mechanism.pdf,27595
figures/figS_nearzero_path.pdf,23913
freeze_hashes/STAGE3_V040_FREEZE_SHA256.txt,225
freeze_hashes/STAGE4_V050_FREEZE_SHA256.txt,211
freeze_hashes/STAGE5_V060_FREEZE_SHA256.txt,400
manuscript_final.aux,20765
manuscript_final.log,24187
manuscript_final.out,8689
manuscript_final.pdf,516147
manuscript_final.tex,5198
protocols/PROTOCOLO_STAGE2_MECHANISM_AUDIT_V030.md,5997
protocols/PROTOCOLO_STAGE3_CONFIRMATORY_V040.md,8652
protocols/PROTOCOLO_STAGE4_POWER_V050.md,10731
protocols/PROTOCOLO_STAGE5_CLOSURE_V060.md,9005
references_final.bbl,6903
references_final.bib,7552
reproducibility/SINCA/FREEZE_MANIFEST_V1.json,2705
reproducibility/SINCA/FREEZE_PROTOCOL_V1.md,3312
reproducibility/SINCA/FROZEN_COHORT_V1.csv,4448
reproducibility/SINCA/PROTOCOL_MANIFEST_V1.json,1632
reproducibility/SINCA/SINCA_INFERENTIAL_PROTOCOL_V1.md,10940
reproducibility/SINCA/SINCA_RESULTS_REPORT_V1.md,5042
reproducibility/SINCA/SINCA_across_station_summary_V1.csv,1001
reproducibility/SINCA/SINCA_equalization_paired_effects_V1.csv,7454
reproducibility/SINCA/SINCA_exposure_sensitivity_V1.csv,6748
reproducibility/SINCA/SINCA_station_results_V1.csv,56488
reproducibility/SINCA/run_exposure_sensitivity_v1.py,2510
reproducibility/SINCA/run_sinca_chunk_v1.py,1626
reproducibility/SINCA/run_sinca_null_transport_v1_csv.py,18778
reproducibility/SINCA/sinca_pm25_primary_input_2018_2025.csv,2694658
reproducibility/diagnostics/nearzero_mechanism/MECHANISM_REPORT.md,13078
reproducibility/diagnostics/nearzero_mechanism/exceedance_geometry_pooled_summary.csv,1803
reproducibility/diagnostics/nearzero_mechanism/iaaft_iteration_summary.csv,997
reproducibility/diagnostics/nearzero_mechanism/nearzero_pooled_summary.csv,2215
reproducibility/diagnostics/nearzero_mechanism/phase_rigidity_summary.csv,830
reproducibility/diagnostics/operator_ablation/operator_ablation_softpath_summary.csv,36159
reproducibility/diagnostics/operator_ablation/operator_ablation_softpath_trajectory_results.csv,3041664
reproducibility/diagnostics/within_fiber/WITHIN_FIBER_LUMPABILITY_REPORT.md,5959
reproducibility/diagnostics/within_fiber/within_fiber_metadata.json,862
reproducibility/diagnostics/within_fiber/within_fiber_summary.csv,10223
reproducibility/diagnostics/within_fiber/within_fiber_trajectory_results.csv,315269
requirements.txt,220
results/stage3/CONFIRMATORY_DECISION.json,330
results/stage3/RUN_METADATA.json,1173
results/stage3/TECHNICAL_GATES.json,584
results/stage3/cell_summary.csv,27494
results/stage3/concentration_confirmatory_tests.csv,662
results/stage3/concentration_trend_tests.csv,374
results/stage3/lambda_summary.csv,2593
results/stage3/paired_confirmatory_tests.csv,1341
results/stage3/replicate_results.csv,13292072
results/stage4/RUN_METADATA.json,2321
results/stage4/STAGE4_DECISION.json,356
results/stage4/TECHNICAL_GATES.json,792
results/stage4/amazon_delta_nearest_grid.csv,588
results/stage4/cohort_results.csv,289590
results/stage4/power_curves_by_mechanism.csv,3522
results/stage4/power_detection_thresholds.csv,205
results/stage4/power_summary.csv,2959
results/stage4/unit_results.csv,3382986
results/stage5/RUN_METADATA.json,456
results/stage5/STAGE5AB_DECISION.json,208
results/stage5/TECHNICAL_GATES.json,599
results/stage5/estimator_offset_diagnostics.csv,939
results/stage5/paired_mitigation_tests.csv,425
results/stage5/replicate_results.csv,2929835
results/stage5/scenario_summary.csv,2151
results/stage5C/INDEPENDENT_AUDIT_DECISION.json,975
results/stage5C/independent_audit_summary.csv,815
results/stage5C/independent_subset_results.csv,66574
scripts/FORMALISM_STANDALONE.tex,11723
scripts/build_integrity_files.py,1640
scripts/exceedance_geometry_diagnostic.py,2723
scripts/figures/make_all_figures.py,375
scripts/figures/make_figure1.py,6755
scripts/figures/make_figures234.py,7330
scripts/figures/style_pre.py,1296
scripts/iaaft_iteration_diagnostic.py,1902
scripts/make_revision_figures.py,8120
scripts/make_sinca_manuscript_figures.py,3843
scripts/nearzero_mechanism.py,6597
scripts/operator_ablation_control.py,18780
scripts/operator_ablation_softpath.py,12016
scripts/phase_rigidity_diagnostic.py,2268
scripts/synthetic/01_stage2_mechanism_audit_v030.py,25237
scripts/synthetic/02_stage3_confirmatory_v040.py,29220
scripts/synthetic/03_stage4_power_v050.py,34231
scripts/synthetic/04_stage5AB_mitigation_v060.py,26324
scripts/synthetic/05_stage5C_independent_audit_v060.py,14701
scripts/within_fiber_lumpability_test.py,13844
supplementary/supplement.tex,599
supplementary/supplement_body.tex,8584
