family,phi,lambda,replicate,hash_rank
gaussian,0.2,0.0,54,0536c61ad058053a67c8046e80d3290611d4aec1fc541e4922fe49d910c33a84
gaussian,0.2,0.0,74,0582cd6c04d9098c3e11ebd37eb912c613c49d0bf5311f8096a83083d0881a13
gaussian,0.2,0.0,86,010d14eede55a9c24eaa1e76a5dcb575766d994befa57cdb5e13f31b656017d8
gaussian,0.2,0.0,108,037b7d681f4637074e37aa8d8787348773e76b1b561085263074975fdb18377b
gaussian,0.2,0.0,112,040d4266c4a6cad1d913a72f2c693bbade720f2eee4694eb901c9542a3889253
gaussian,0.2,0.0,149,07739892cd4160825844f669c6a9bd6abf503c0eb2746c3be671509d1b372cef
gaussian,0.2,0.0,208,0336aed7f658e0b26d230f015e54274459d867c70bfa513127403c64578a5cf9
gaussian,0.2,0.0,221,02d29cfd99095e5fc902a3ff04318ca211cd8e67454a5e550ebcb900e189cc8d
gaussian,0.2,0.0,270,08829cb752255be4b0735b5a98092120f23037d685a0db14a7facbbb0c5a0412
gaussian,0.2,0.0,298,049d08ecb756b0286f09621d80c2ad67a19a777caff31175d79a46105d9f1f99
gaussian,0.2,0.5,19,01e3c929f30c045434d50e6e77ec34a9dd384ba582136376e785354784a21c4f
gaussian,0.2,0.5,36,08c6d8d3b52bb49e69cb17847bb3538f88406845a9f281849002638d3ed74525
gaussian,0.2,0.5,45,0056ccbf4b433b04dcc422ea623ed1bd5cfd3a00bc469ac196c35973648fde9b
gaussian,0.2,0.5,139,0acdb7406031211bcf206d27d77a82040005fe61fdad0edb8545f24ff0fdceb0
gaussian,0.2,0.5,147,0a2c3b06d950028f37f20029c10abb9faa7eb0bc3c7339a311a16ba0c604b7b7
gaussian,0.2,0.5,148,04ae5a3a1d096d71cae708dd7d70ffeabc08e845ebdf5a36284de87b8605edb7
gaussian,0.2,0.5,192,0ba77231431edc2499e43fff3520c1462d6090efd51706240974f2aa7f23e858
gaussian,0.2,0.5,195,02964e92f5529dacc7b29126673d56d2093e09224bae61857568f79bfbcfb712
gaussian,0.2,0.5,220,0b9ab012a229c4b35b93237a15b68b3ae4fcdbe10616d56fc4ce74f19ba5e70e
gaussian,0.2,0.5,258,060a69e0d8613870943ba5f7be222e61db9a9a275b22bfb80d72d0c50db82295
gaussian,0.2,1.0,69,065e06fb6a88d7d4e4b55e3211f3b4b7f994d27b2e9269aa81e720512a5ba825
gaussian,0.2,1.0,92,0989ac772adbcdf219a62d219a4b547839245bf00b146bdbf7de79f753c7e166
gaussian,0.2,1.0,117,0459f42b4e6e03b1a1511a8b9270fc6b1ef822b63ade14a39c4c04505dbc1d15
gaussian,0.2,1.0,129,09e195a6763da31ec811b52b8dea2f5f97dc883d6c955ab1d518b6baf22addfa
gaussian,0.2,1.0,133,0718c4d4997352cb5e1414c0e44ac844dd018a0412a916fbd63ce9e8f5fcdf7b
gaussian,0.2,1.0,136,055a1f135ec06db8e92a186bfb5d22c8cdf7b4bd27c0cb0c63fb0d745a0cba80
gaussian,0.2,1.0,159,093933fc45fa770d1d98f68f2125e9d6b8dfa01738a8bbb1e1c0e3bb4ce4f678
gaussian,0.2,1.0,189,070c1c43556beeca6845dbe0c15c4f337a8375551b3699f0b1ccd105819b012a
gaussian,0.2,1.0,218,05de1de716fc94392bc2363f9f46468313c0b55fd14b1a404cb8704c4c0aa0ce
gaussian,0.2,1.0,259,00589ac27070abac6002cfda201d6ea3116b25614e32a4d918dfccbe9e662ebd
gaussian,0.2,2.0,18,09e53114f0a85cde148ad1906f8038eedaf1d446cf5f0bd1a71a4d699035bfe9
gaussian,0.2,2.0,63,004a2b03b89284390f1f96ff63d86cbdb7203e6d6dafde9dff10ac0ef78f44a5
gaussian,0.2,2.0,64,02fb51a1f527e5e09318f584e3851152ffc592f3fba1941c12350856662da815
gaussian,0.2,2.0,86,0184bdd3093c672d36e957ab5674c5b3a26a302058b9b2d09bf583ebf300b601
gaussian,0.2,2.0,111,05210fd2c0d98a592f3aff9baacc6d5f87cb0886f66e6dff2865998f6bed2d76
gaussian,0.2,2.0,130,055f8381dba6ddd8f2e1f6ceafc7d31918e01892179bb74695ee62cd93afbe66
gaussian,0.2,2.0,135,0124aca27790daf1cbb01e4d3108c6d336a53d111af88a104d28192cb1fef2e1
gaussian,0.2,2.0,153,03fba7dc9de8b97a44348498f1299c6ac5e53bfebab9ad63771efc568d1608e4
gaussian,0.2,2.0,256,02c6e866ece14db93d6e156a43731f528f1f26dd6edbab59a58f59bafc7960b0
gaussian,0.2,2.0,279,06e049f1e0234232e4d4549eef5ea720f68f22e858fdde710e01adc62836d766
gaussian,0.2,4.0,56,013f792bf5b51d3a23e0a86d11769d22a86d1bfe5b6a046cf2501ce695c9e268
gaussian,0.2,4.0,66,076074e4be302741d0d65b2c5a3b5a3c858dd7929c20f6962c1d45e000f610c3
gaussian,0.2,4.0,152,004c85d974b3b0082cf0b64a0d6ef3060e89bef31a8c5dbf4ac0f06ea36611d3
gaussian,0.2,4.0,182,076243e6512a4d48d648322bf12f25f9eb33eea0b57ddb0e5bd7e6e845ad20e2
gaussian,0.2,4.0,187,08986b324a67ad691c2412c57b66ca37e29c146ce47f9227d0c3e7af30848fef
gaussian,0.2,4.0,193,02f3be07bc7fbb2cf70f6fb80d02d6c6099f0ed62f021afdfb886d13f147fb0d
gaussian,0.2,4.0,215,0994a02072bc724ea1a9e254ad5b47e8bd5e02c06e852015881bb136f9af56ae
gaussian,0.2,4.0,216,0a5883804388a7071e086d6b052931fd89d5cccd954f479cbd60f80c5a91fece
gaussian,0.2,4.0,258,005ede2d43cb58df22254cd8ea57aef72f8caf64bb16f3e9876ac3d430317ff2
gaussian,0.2,4.0,260,041ef13fd9ada1b46b04f212a498012638dced9215ca41f09e1f9cf48406a88c
gaussian,0.5,0.0,23,04e69a069f2899129a33f29b9256be7086a33d998c20e349ae7980f473c96810
gaussian,0.5,0.0,56,056c06a89159c344128affb5bbd68bbd1de76a60b7ed394e08aef90714987b2c
gaussian,0.5,0.0,58,0034a78db70c75828739e7cce6347a32b0cce44ddabf122fe5d391ea52d86707
gaussian,0.5,0.0,95,04449bfd762239e497f0cc94aa276c80c68fead196dbc8289446f158e54f0e4e
gaussian,0.5,0.0,142,007ee78283974af1f421cd932cb631dce8969838dcaea77171c447b08b7c7253
gaussian,0.5,0.0,160,02a48d947a592fc1e7cc6494f6a31721eb62ccffdbb16e3532f67d5e9ff916f4
gaussian,0.5,0.0,190,0549c248d30fbadd24fe766ea3564f929ad1cafbceaf156999364178a7416aac
gaussian,0.5,0.0,239,02a2dd3796d1f5971d38b54e4c41c30f4e23970f8d3c066cebc929f883dd6c2e
gaussian,0.5,0.0,241,0225b22b6b44a405363037ee7b494430d845b8393463ca5c7960548aa71c5004
gaussian,0.5,0.0,290,009bc09c959bc0b5f9d5b7f950fc3c1c37f7a8ffc07c6e517264c365bf9f004e
gaussian,0.5,0.5,8,0294497e4ba10351363ff4f1ea56d0628f68c2182fa0db5cceec12f0aa42a7d3
gaussian,0.5,0.5,51,0357cc17ff3c098452c266bbed7827e7e928d6e4527de07ce2233e7b6d90da47
gaussian,0.5,0.5,77,0693e4fb35ccd19cb3f83ea00d8aa94ecf7296298bde443125040db77603aaa3
gaussian,0.5,0.5,84,066e21347bd804bead48864f668ba2321f5223e317308cdb838b92e0903e5fcf
gaussian,0.5,0.5,111,078a239c1ba64ba38c8508139a114300c20ad60293a727d9dfe9ff54437d09f7
gaussian,0.5,0.5,147,0458d44155c7325968cf5d42efe1b20a38bbc5a58545901c29ddb26440ee2251
gaussian,0.5,0.5,174,06b98bd3edbe6a005655a6614c95020a45cf49435bb9a051576d5dd09fefe033
gaussian,0.5,0.5,197,075d35fb3fd433cb51937f1439647cd0a1473b5f5d5453465971721cbeb336c3
gaussian,0.5,0.5,209,06256950a61efbfb9b958112b4bbeef5ac537723218929a1159d3c450e8b7d4d
gaussian,0.5,0.5,295,072744689ee41616955162f3516b15fb44b1009d0d93080a8b7401f9669468ae
gaussian,0.5,1.0,4,064d8faef9a2179156163f8a267189b3fd914468064352d07e9c17f20c43b6f2
gaussian,0.5,1.0,83,01a9f4ef74a7c91ccc379772e7d6d72574d40b6500484b7b0366015a10a6e66f
gaussian,0.5,1.0,120,008ecb1be99a60b208f98e19503eabe98ea88e54ee39fdd615c59188c25432cb
gaussian,0.5,1.0,129,0166e25a8dff8cc9c981e551a4ad7f66d61a857adca5cd14ba3b777c883eeb43
gaussian,0.5,1.0,182,07cc7dad6058e1749775f9d12945ab3201bf0d6fb944352fc8c756f8bf10e218
gaussian,0.5,1.0,231,0805fa68a03bcc73735788073c89aa1193ebc67ad032ffb6e7bf9bf0d483bfc8
gaussian,0.5,1.0,249,03f71b6d2b0cb6d6eac76977d69fac44765dde91a4a0e7815ab1a84ce2aa046c
gaussian,0.5,1.0,254,059b02932e766a46cce1ba4ba30247165d82ae19919938cdad971bee032c6716
gaussian,0.5,1.0,256,0968eeac89f6ae15cfcef33e155413b5bef5ebd3b53b736c9ac73bfcc4a38315
gaussian,0.5,1.0,280,006f3f1ce6067c80909c510514d7f1430617349b85ef9795f6ba947dbe2c18a1
gaussian,0.5,2.0,2,0b34628b812ef2332e7d08fd86d7c4f10cf224bc9e7e62488742c3412925f922
gaussian,0.5,2.0,25,0792c550eb4b6f9bcd0c4426f103189f1dd4998aedb9c8eed7df09a289df9f1b
gaussian,0.5,2.0,28,0b22ee4d781371f2a510a535117db374bab46ac0d02bc5ff6c16d29f88797e21
gaussian,0.5,2.0,74,043e344f848ee98d02f8ef4108ea3c8ffc9d59bf4742fab277e7553b64e2235e
gaussian,0.5,2.0,109,00935ac674a4f6704de04f7bf14f96abc9e544f0ba6ce8ff448f3ad72ec53d76
gaussian,0.5,2.0,118,053520e54df877152552fbd69f60ac338e9ec4cf5779f4b8545d1e92c932072c
gaussian,0.5,2.0,122,0c5f557ad660862ee1b753d48608211a7a351c655082137f505bc7a437b24c56
gaussian,0.5,2.0,158,04da9a9fbbc29f2e8283205cf0a485c6d004e11257e07bff5a951fd7bbeec8bf
gaussian,0.5,2.0,182,02a7724b43c4d4060effc773dd9e701d619a96de9348851c620119cedc56fe76
gaussian,0.5,2.0,233,00945c2475deed8364e24b4b1b0dd59a23c876e7f59236cfd024391e62e6c967
gaussian,0.5,4.0,2,073047d0be54bce217c30ea9f4c2e6cec0e400a6ebda815693b1218155b3d7d6
gaussian,0.5,4.0,3,06aedeb839bcda3649eb4507ecca067d317fb4af006ac46b912742c6fb4d8566
gaussian,0.5,4.0,5,06734c325c5bd9e4c38a12db99d7c02f546eb26d8c36cb177412875390e80451
gaussian,0.5,4.0,66,05123a4804e79426e28fec53a434846d227b0a6d62aba05f4d284f2752482c3a
gaussian,0.5,4.0,92,04908ce2015ce2fa8a733002fc3ae44efa58e7f1a907edadd1f0cb21d28db399
gaussian,0.5,4.0,128,0221de1dd55cd6a3e5029fbaa8520399c22f3db321b7e49f9b534014aec52f30
gaussian,0.5,4.0,145,068b265770848ccf45a60b53f79b0c88fc481e39fd824d3b74d113e350e35752
gaussian,0.5,4.0,190,0387a2a78797b31ee8c7b33f75548d5a9d77d8b8604afe15cedf9841572bfdab
gaussian,0.5,4.0,253,02e8993b0599312b8df1b654f978cb9a2f1276fab116f887475ce1f7173c2c1f
gaussian,0.5,4.0,270,04a8600ee73f5abce130623f3c47ce3a91add487a84c79ce9c9f47d79e203b03
gaussian,0.8,0.0,27,04efa8996e77ef5f71e0446a7ea7e99065e79744bbda8d8b7691a894496ba51d
gaussian,0.8,0.0,72,037010b7575ec7df067e0a86600337c66a802bc195535e7f5da85520c66c53f7
gaussian,0.8,0.0,73,01fbd2fdcc8a14ddd84ef736b6582523217b3a66486f63c91254f59d9d483f12
gaussian,0.8,0.0,96,0170ff1ecd215434320eaf7a2e16eb88210920d8ed34c4dfddfc69542892ebbe
gaussian,0.8,0.0,118,049f1afcf666dc40c982e55a9efbcbe00038eeb0418f10eb6d687fe1e89d1d64
gaussian,0.8,0.0,203,0257a3fa3950b2588c0c19620d56ebb341438b572f0685e445967b7abfff0b77
gaussian,0.8,0.0,215,0665ed2ea11689fa62d72197c038cc579feb4461599e24469319d984ab8ec764
gaussian,0.8,0.0,248,01c1cbbdf2b82818f471beab509d13daf85dce4fd590f79511fef94241dbb6f7
gaussian,0.8,0.0,256,05d095474806a778cefd8a27ba9e4bfa6c85976c538d2b555349193bc313e3c8
gaussian,0.8,0.0,288,03cc0a58d5e82d1ab89c35aec891724bd261286dedbf69136d1aac54623b2d53
gaussian,0.8,0.5,12,0816a26dc6df64b443a096cde61fa16b35ccc970cf1881a5b24e278640327062
gaussian,0.8,0.5,67,04dff9ed4b08d2e38e3f4b93a8576d392109e2f180aeb7b6dbc5c410d195f723
gaussian,0.8,0.5,85,0b16ccfdcb563d78b44aa39857c88c843343c381bbc078221aa4aa147613e757
gaussian,0.8,0.5,126,0b244f620efc93bb2b400f353e97324099e4f6b53f4d684543ce9a0562ed0453
gaussian,0.8,0.5,138,04a2a5a4faf9fb1cce1efc0e643d3d30e0afc33a2264f97f19a2d2120575e39f
gaussian,0.8,0.5,150,0985ad580edf22748f26c09bd4198501e02dc909788619b56c9780e87367f368
gaussian,0.8,0.5,151,0bc2594a71ee2e7b86a3436b48a6137205dda088dc91134f4263e6a6e6631d4b
gaussian,0.8,0.5,188,05be812f0b0f83eea85cec20a9f91f5811f342f112724a1129cda8faf027ec6a
gaussian,0.8,0.5,205,0b0b2ef7c0199703007c3c6bf97acc92c44f035c61afb4d3015113ee85d832bc
gaussian,0.8,0.5,243,0c08a55ffaa959d8b0a28c5ef7be54fb032762dfcf1f15fca7c8f2b15ee577d5
gaussian,0.8,1.0,51,0218258628c1634d578ddb2d282e46824ac2566f88d095f8db52b5ee5de156c0
gaussian,0.8,1.0,70,04d1e0265651219d5a7322cbb071292165d13121e307cb33632e1322e34387a3
gaussian,0.8,1.0,110,0257bdd8a35c93a16e06d579ef8f32247790cfed7dde3f513b1886205ed46229
gaussian,0.8,1.0,153,00c2cd4293d938f6d815df88f2347029ef0833f327ad264fb82f7a5fab183c45
gaussian,0.8,1.0,185,0517a4a052c5d579b300c19bcbcda581f05dcb85fc759aa50340dd637aa8fc7b
gaussian,0.8,1.0,191,046c0fe2f08f1804299fd98335b14a63b16303da8fb30a5368633133afbf71be
gaussian,0.8,1.0,236,03451c30997c5cc5857c17f8cfb98066e8827f2c7f396e506378dc8c207c26d4
gaussian,0.8,1.0,241,0379001d79d3fb1156af57c12258d656aa507910fccad73a31902b3884489cd6
gaussian,0.8,1.0,244,04a3585390eb5e3168f8550a8d1a33265f7cf9c7ed75772fa1a72da8d72a0498
gaussian,0.8,1.0,248,01b4f8feb98f38a9c7058726623f72e552863878f30c7e27bfdcbfdd1ca1e389
gaussian,0.8,2.0,12,08ae1fd87840c2034f1d7741ede9aa03eeec454fcdf6566bbfcf4c9e0a49c83d
gaussian,0.8,2.0,20,00964bea9df22f9e9474e4225f2ef8ec54640d69ce103bfeba5c43410ca2fa74
gaussian,0.8,2.0,100,07bea33dbe58cf321980da68019b4cfdf07153011383becf52af9fb33fed50f9
gaussian,0.8,2.0,120,0559b9551d553ae3cf46167592b67aa50d722d9c8ddfdbed8f57645bdaf678e7
gaussian,0.8,2.0,153,01dde40d34a566ab3e6338b412e5ee73fd50cb32bea915b1800f3c19910d63a2
gaussian,0.8,2.0,207,060e56c1155915ee13aae7617c9e56d04ed1d30d0f10752fbb50c23712b3b730
gaussian,0.8,2.0,219,0882ea0dc610d2a8e9bb7d2575c2cedd60d5b592ba0e188048a3c0b21d56c3a9
gaussian,0.8,2.0,224,093bd194c48e587399d993b2da55c063e5aabf094e0f0fe1dbc8236c6ef8664d
gaussian,0.8,2.0,245,099a45265495f835ea7afaf262b20bd80c31b931b3d7381686210cce1e315fa1
gaussian,0.8,2.0,275,08ea818467317b4258e48ab2f893818191f8ab769f5fbfc2d9ebb3c8b035ebd8
gaussian,0.8,4.0,64,0a78dc7c5726471881d95b914678d301ded2939dc50e2418a9210e95ac839c0a
gaussian,0.8,4.0,92,06461c878eb89e9349e04ba99375ca90e4d98639f9bff4b9e982512e4df0adce
gaussian,0.8,4.0,107,00d2cdd6a0d89c6aad6d20091fd4a43783fcc706fd3ca22ccb0d9d2e679aca1b
gaussian,0.8,4.0,118,07712d09ee1ad318a57338db8481ad1a1894df1ced8f639c188806a553ebb8a7
gaussian,0.8,4.0,170,0683ef33ebe85f9adc75a3022a750bddfda0eb1c1c5492e0f6c7868e487b81de
gaussian,0.8,4.0,182,094e42b068cf824167e1e9ac4f5cba865950fd202ca53a61c4dd817c1c4654bf
gaussian,0.8,4.0,193,00f749d4ce9dbc13775d238872eeeff4f447e768f85223bcf2aa1aa8f67ba2df
gaussian,0.8,4.0,221,04ca9f0f9226b31ea561655ba200f23d001b7c69d4816fc6d9705a6d5f0bec3e
gaussian,0.8,4.0,248,040d505bfe2a31d41dc16d129bfc4aa64f56ac6cc2afc5fd6726e2ef768bce1b
gaussian,0.8,4.0,274,0a0d463af0a51c5b0de862e09f9cbf0a9a9aa69551e8a771d7bca19e1e7bdede
periodic,0.2,0.0,22,06ff47c61d816ef73200f8c9189bce16a218862c7f910600f69ed4a791ac955c
periodic,0.2,0.0,23,035c959b1c01fa31e3302b1578d819907cfd31432a858a0e5e5822b0b3892b6b
periodic,0.2,0.0,51,061a7f1097b7c953cff289b1688acdf40f4e96923708cbde52d839be47d4d5ff
periodic,0.2,0.0,97,01216301e0c81c42d62856c236c807de3dc3476bb159b818ea5492bdda4f0b44
periodic,0.2,0.0,118,079079f38120fd0d7aafdac8ce1d3a9c39cc3313ca2ff6089c098d2193a5eec1
periodic,0.2,0.0,151,03f0a6902a1371aff8f9793418c378cbdb5cd3802225cf3bb8e99f2c76c31f58
periodic,0.2,0.0,155,01f539167c4b350e5b903ee71561b1b28834921884387c0743babf5fbd65ccfc
periodic,0.2,0.0,157,01b0fa8b3d3c364aff19af8be62fe8940bfe9e8b97d4612b7f1f7ec0bf913333
periodic,0.2,0.0,212,04fc8b4a578faa346ccbc1c08fb07cd22ceb51321938ceba12aba7ddad871829
periodic,0.2,0.0,246,031ae1b0fc66fccc8a1f8865bbd3bd5e8b9658958e72183957fa7e588cf6f0a2
periodic,0.2,0.5,8,052e340d2684308314a33dd79b85c7a6cb0f8e882d32543e12d21ccad202c797
periodic,0.2,0.5,14,01cc248bb993e02e39dd1e0e0b5f9f9d6efa3ae1e186d6dd9ec59f63b9e876f4
periodic,0.2,0.5,29,045a2b3b3bd452aa0e6da31688b8c23f60f5a6a4e39f5ba332af3fa40230ea6b
periodic,0.2,0.5,44,03d646da04a40bfd76d8d5ba718a2a973fadcc70fc98f7a5adde6f6ae28bbfd9
periodic,0.2,0.5,67,044176395e1aa12cd0c438da0beff28582f02cb441277ebb6da98c39dcd692b7
periodic,0.2,0.5,116,03c1ec9b6ec5a7edbf06e1f48b45fbd03e2d2583cb440e017e022b3c7fc5b666
periodic,0.2,0.5,119,02676582b128fb60dcb22af7c297c093aec078bc83313f3e348691a4aa0281a8
periodic,0.2,0.5,120,028601280234be43054e8c930f9516629f2a0d25b65d5ac930c2a5477de5cd43
periodic,0.2,0.5,192,0103c0ee455ecb4dcf7efe99ed2f1ddc454edbfa200cc18afbdeffccaa348ff0
periodic,0.2,0.5,268,00deda919995e7a5e894e3cf2ef500229f2e2503932f8ffd39ff2386c0541bf7
periodic,0.2,1.0,9,0273cbc04ba9ffb9cb8b26c3ea1ce2f0743e92de8bf96646e3594c95cbe607da
periodic,0.2,1.0,23,065b4acb1144195902ef50e8f12a42631f88ff23d33f41d0671b65dff223db02
periodic,0.2,1.0,54,03445748da024278a280f312edc90d772b30327b6f412e10a9d20d704e37bc5a
periodic,0.2,1.0,142,009239455bc3bc1115d1f4b8894ae189701e407f483a8dc99a3c5cee854f5da9
periodic,0.2,1.0,146,042bb12a6839b0f9f5ee62b12aef957ac29a5cede98d580978ecff587e40aa90
periodic,0.2,1.0,182,06722181da7aba222fad2c56fb82397c3b649676783c2ea8075b0b0488f6f3d0
periodic,0.2,1.0,186,067be0b43d41b49fd8d1d03e1ced60163b79a131aa2841c139f2a870354e3e99
periodic,0.2,1.0,189,01a8507fa538cb2664a907545ea2f5cf94729b85dc8351987786a186cad56fd3
periodic,0.2,1.0,199,02e70d165ac7cc30b8926db3a640b1601dd475363c0099697e659e5ac9f5a2bd
periodic,0.2,1.0,232,0622a02cf97f438bedeededd1f7e0f2473972f1064691b28e74f4c31d1b12abc
periodic,0.2,2.0,28,04796c3f886e07fca1bc2f4918ebc558adff26a981b3b370f7e8bf34d49fc57d
periodic,0.2,2.0,45,016fec6972466f8ef779faf08d8b7a5b32294ae640952fe2eca8bda67b84ee24
periodic,0.2,2.0,57,08cd53d0dc31a41398364b5da6862dba9041ca68456be527577ed8721c03ca98
periodic,0.2,2.0,62,04adda21a2fd7917c11ccacfbb3f5117932f65c072237015305c380d5f84adc5
periodic,0.2,2.0,75,04cce34592774abda5728907f5d511e261a108ab04889cbb33bcf831445e661b
periodic,0.2,2.0,109,02bae680700d8adb615a06179b30283a6824f3a6dd9ae5e37f6fc295836a3a53
periodic,0.2,2.0,144,036f698a67330aed887da6308a3225b2bf8f59c143ff0485812de6acd765b701
periodic,0.2,2.0,152,025f8b4c030b6057edf93cfc36ee86aecba88e76e9b4cb42d56c181c94a8fa26
periodic,0.2,2.0,190,05edcab61b9f524494a702834c386cac863527a987488be2ec8b07d862f4b3c3
periodic,0.2,2.0,243,08e1f35ca8aee5db3bb59129ccad67abe30bf50081e4e00662cdef7816aa1388
periodic,0.2,4.0,26,076f2971cb547a5addc020e03c344479c936858a4d2da168410bb8d260c8e6de
periodic,0.2,4.0,31,04e9d7bcef8521dfaca7bf010ed3c84f5424b97bdaa94f7145bf0ea62402c63d
periodic,0.2,4.0,63,0321bf755cb935b0b7440eebcef006a6684b64f7ed2d94024ebf4447d5998122
periodic,0.2,4.0,81,0806fe7f0772aa31e8eee0cf0b472e40c6eeec3b7c6b7b7432d45121e093551d
periodic,0.2,4.0,108,03a8b5b53cff97c433e106e76f1e53be6c6a6afa27bf93203a328bfaf5143a4f
periodic,0.2,4.0,126,029f8e5e2a0c38e278b0a5c9aa8312e12bad6c3314ecd4b2b61769acb49269ad
periodic,0.2,4.0,132,04499f3f8fd3aaa63351c71e498ef1f196d6124ff2f645eb12d982c6fc243f2b
periodic,0.2,4.0,168,034d04880568046de5c24d02ca6c70654b2d984a3ee64e95eb8b5c13bf5d60d6
periodic,0.2,4.0,197,000984114307ab1d693a71bc63ca91b02a288f41d8268911d3b8d74e0555ac3b
periodic,0.2,4.0,298,00f560294a1548ab1da9307d6361b78efae66cd31b3b17edf1fca714edb556e6
periodic,0.5,0.0,35,08d043d6ff24ba9cc5507f442f79ebd27d04b3a0d468f4d6a2784eef0cb1c813
periodic,0.5,0.0,42,008444dc4d7af6d11828bb0a45dc0d39fbb6972392a791ee6790caaa3f681fad
periodic,0.5,0.0,60,063d0c2558fbf0074df884d09ada4e8a2b4e73bc1e7bd8ad468b967b6a1ea4d0
periodic,0.5,0.0,130,07e7d55f65b8be51d592db64511d97c15a6cb407915026f596767e5637152037
periodic,0.5,0.0,178,089551a4abc186f3290473da4bf0a9de94d99aa1e5a7d95c8b493e86dafe058e
periodic,0.5,0.0,203,005f1c960f80f9300cb75a9d4e14d98c3e1bec452a0b83f807e7105b3ccb5d21
periodic,0.5,0.0,220,0658cbd45c958761c3076df537d6a3610378eca67c26b4f6fe79d24c35fc65c7
periodic,0.5,0.0,229,03bfc3a4b3abb7c16bf71b9a18ef8603deacf931d3e6c301942688a145af2057
periodic,0.5,0.0,244,08357e8556c72959be216beae947819e181b7a2d65980f0ac4f37ef05c15d353
periodic,0.5,0.0,250,04419a396df54709619d75de265e699a9d76727b1c7b72c2eb21d3f6dfebbe28
periodic,0.5,0.5,1,045f10ad8ad0a6f6f7cffb6148b12bb8d7a0c6c665df2f9eb5720182249e5140
periodic,0.5,0.5,6,05e28f2202c64bd317684c873c2f5e51017fa506f23c898ce615962035430ecb
periodic,0.5,0.5,32,03fedf149d90adbefede612b183d252c987d6733e20ae26691249595ab85521b
periodic,0.5,0.5,103,081899743c66ad615025ab43018eaef2275555de9fdbbf9ee354629be353012b
periodic,0.5,0.5,106,01029736f43d4ee92187745b98cb400d365e95099ea1dd69eeb508a560264131
periodic,0.5,0.5,169,06618fbf13f627f2b77e628ab6ce45713e03b61e07b4b03fec355498f494cff7
periodic,0.5,0.5,229,06e49f22fe6d13e3fb7d705f6f43f28fc62e8bdc6c40417ef933bea78a3d3b70
periodic,0.5,0.5,261,016d05dba20b01cd45d5907203f4c3100dbdec913451d7281692c605f345a265
periodic,0.5,0.5,268,0856c2024bc1ba590112957d6423b00fe7d14c4d2b6ad02da5565571a25acfbf
periodic,0.5,0.5,289,00a77e388c991743ff35eec580786fdb4b49e2148b6b91764aca1e939c1102ba
periodic,0.5,1.0,11,04623456887f15756ee0d12ea42f8211a3becab116550de4f94d0913a9ac8d54
periodic,0.5,1.0,35,0573e5621a35046e5242d7bf2d7f4880db29097874bb8a31764eb3abff01975b
periodic,0.5,1.0,43,0b10c4cc00633161dd746cbe5fc97d4ca693e8533e90744944807a01dbf327fe
periodic,0.5,1.0,58,12c13cffd29cc96884a90bd17b498bf6debd27240445b7dded7d1628249fbb80
periodic,0.5,1.0,92,05026a441811eed2d76f75a5166c0357723d2823542b827b11f65473b6540d39
periodic,0.5,1.0,118,01ef4966907d16ab19156d0ba8cb55d65e6a109d0140ce84894ccefaf11ec577
periodic,0.5,1.0,122,0540f2be68b5b57c31d997fb7a049b5c36b711d4affd5b9803257b930926b0e5
periodic,0.5,1.0,202,0eaf2ca08e8a9a502405f7fbdac2b6991883dc27f38a37f647023475be511a91
periodic,0.5,1.0,217,00d131615485eca977618220c181198a068e8af7ddd646a48cf350a75b765699
periodic,0.5,1.0,299,01ed512315a7b8797fb3999592207698563e9e92eca02161de9cfed0f5479b08
periodic,0.5,2.0,26,01d5cefe59f37802be4cdae32ccc2dc96b03ada8b66bdedc62d2492d80ebeb33
periodic,0.5,2.0,44,024097ab0c8d164269c07da555506a8d65a3c174f66765aac1da1c444f3d7d1a
periodic,0.5,2.0,49,02b499078a20ecf19860aabb435b320f95340a4a1dd29733a4ae6141ec4dedd0
periodic,0.5,2.0,116,0631e3b1ba061664a6b4a9fe49f48ab979c14784f46d5dfe8cf4c0886c44873d
periodic,0.5,2.0,141,02d7dbea9cf52c788b43039ce9a9310293cface2956821cecc57f6560093ef9d
periodic,0.5,2.0,159,04f92ad832e2a591eb985adaf0a0e5a0161094a55201b93780d46eec22c867be
periodic,0.5,2.0,162,06258c7cf2a397ebf1506decc41717656712f69a6f33210b3e7081ffc560a4e3
periodic,0.5,2.0,206,0326102e29035718cb2f5dfa05d8b3e6f0828b01b87162d5db5709593eebdd4c
periodic,0.5,2.0,225,026946afecde6f40193392d7ad803dc95607ae3a519637acdf6e5ab44af3f768
periodic,0.5,2.0,250,018491bf2d6c1ff5c066c164eae8e9b04b9d9aca274b1f95242a91332d24e566
periodic,0.5,4.0,47,038e761d5c74a8da3fda077a13e70665d7776dd4a2d24616e41aa1bc480deea5
periodic,0.5,4.0,77,0344eedeb223a338501d0701a60f1bc5531db14de7a0858c3a28fa081b8f8e32
periodic,0.5,4.0,103,0563cd5a199dc263018c1c7cde35f197986773fae4219c13b81b5766ea8ebde1
periodic,0.5,4.0,110,040f1fa7de528f199f6cf55fd8a3b7b98893f6debbf1e08c4110598a2dc0ea87
periodic,0.5,4.0,191,077058725bc896eb8208fea53b3a91948cacd3ca22d8d2e79c76a610ee131d01
periodic,0.5,4.0,201,0645ff7b6ddfa9fea2a6f46e048e5ed8743f9086abd4434812338423600a9726
periodic,0.5,4.0,202,02b4a05eb060606a21afa2b8192fc4e3822323726a7508baa9b9db78d1b5793b
periodic,0.5,4.0,210,045a204c63caee7ba88c645b851c683c16ce7834da98d55041103d00f90015da
periodic,0.5,4.0,254,02f1b77be8609e31da5e1098ccdb213b4ce0724c21a9622eb3f7e6e8cd6a6942
periodic,0.5,4.0,291,078b4ac4ca4c3c4f2b1924fb172d4216148e5e8e54736f382b0c76c4994edda8
periodic,0.8,0.0,67,025a644489087f625d5545c0dc2bf632b77fb1cb7ad843779a3fe6c27baee284
periodic,0.8,0.0,72,03fd1722e16c10c58e44ddce839224473407bad84e6dd3434953743b4c83116e
periodic,0.8,0.0,94,02cad9c32e95c93ad7a305f2dbd8fff3d0e2415271ef6fb783078608aabe4bc5
periodic,0.8,0.0,142,02688525654dbf5328b70a77930496571691a240a72b4df6d35198ce740cf571
periodic,0.8,0.0,155,0502ecab97f4d00c0e10e0699dde9cf08e085d3e867e9a14bbdbbcc17424c95f
periodic,0.8,0.0,164,0497858c81e2bd0c369eb65bec9c753e482f4eda3ebc82ccc9dbf24efa68735c
periodic,0.8,0.0,180,06f476bf19380b0a0cbce7a69adc4684b3a27db7882a1b42384b39eb640ad509
periodic,0.8,0.0,205,018747b82675aea5e1d96aafad7d08b45485b819ba7296921b2c03bc4766779d
periodic,0.8,0.0,224,07303d45d16ed31bde090f7e094976607c84e1f3bf74147c58537c0bcb6433ca
periodic,0.8,0.0,291,01445a5ca2137dd6d81e8ad30b4c5a17680036c7654b5cbce239b018bce50296
periodic,0.8,0.5,43,019f33e8db6ad50d64ae4ee89a3505aad0a8c6453d81e21d30dba528549de393
periodic,0.8,0.5,51,0857f5466006d46b4b7ab1d65ea5f17e92a1047cced584fffd70992643828e0d
periodic,0.8,0.5,53,0570960d85eaf0546a213913125f0ed5520585de087badf99811967e47a2de32
periodic,0.8,0.5,88,06ee4b9ca9b4e790169237bd4f97b5ee2732df9dade4ece426caf59e1a8a17b7
periodic,0.8,0.5,113,0032bb725f519d151fb6dd6657e5abca9bbf6cff8238aa42cd47f11edbaf6891
periodic,0.8,0.5,152,0bdd610188179ddf2fb21232e24e2f4f2f1752118b3992896fdb835a95bf279a
periodic,0.8,0.5,224,0913a2a0fe327a83568fa81263bd55a7392f2fe2d14823615f3387e241064647
periodic,0.8,0.5,248,00755b1cd3e13d7bba175d1f47521439a72d89ca09fc62c75a1b7ed76ca3d54e
periodic,0.8,0.5,249,09a58c9800f22bbcd420f93557d6a8cb360452acf1bd201eaf1d60270c8005d5
periodic,0.8,0.5,293,084c5702edd3713fa904b1df4358f64085c6ef5de116b4b5173a6c4b86480cb6
periodic,0.8,1.0,5,013f3de78a62bb6aadc72fd745aa56f092c6536a4bb0471881830ec9df4e0309
periodic,0.8,1.0,12,08a2bbebe0e73c2d6c85a01c837ffb9962a359a823910ac879ae6b6d66553204
periodic,0.8,1.0,18,03bd7bc5ab7e80987172b38d7d812c9be42ecd4c27d7379b4d5995a388c625a2
periodic,0.8,1.0,20,0983e4a3413bb13a0246b79212a0c6dcc57f87afbcd3eb1f3486bad3acec2fc3
periodic,0.8,1.0,87,00df08e04609d7c9576e09685af96d949efd112eda8809e1e00c88f4be6f84a5
periodic,0.8,1.0,145,03c564e95c0982c01a3868de9f1a16b737dfbf5f2083477203348e92a588a0ca
periodic,0.8,1.0,197,07176022d53f408dc0382d781ac8f577879ca5a045a40b5eae56ca49aed75d8a
periodic,0.8,1.0,212,00c05a98cc0d6888ffd4d236082dbddcfd50af801d7400e9493c7cf5c332bbd4
periodic,0.8,1.0,213,021ae74b9eeb3966b463ce266d283f31089a6a4a201783e8bb276ad0922ae482
periodic,0.8,1.0,244,0baba6ec68abe0a8132c40a909b876dfd71f7d60e85f936c2ccf70a3f2b6babe
periodic,0.8,2.0,24,051da77c3612b950f630de4b1f342a2aaf48109f71bb0c82b06cfffa5b0117d0
periodic,0.8,2.0,70,007236cf9d9398c6daa587bac0ef14f9f9c4bb5835f07ab9ec3cc2aae496c1dc
periodic,0.8,2.0,95,056779e43f7e915dc19636825d6afb734011ca180a50401cc6d28e6ffe137810
periodic,0.8,2.0,102,02659d4be652659dcfcd14cbf95fc5e30e6d73cde3cb74414682718af7be09b7
periodic,0.8,2.0,162,000d41f100a10132e2d73808d9746f703e3a42322ec10e50810c666d7e562046
periodic,0.8,2.0,163,0376289b8e311cd4c6eafa50af8a3dc2e56f6bafd7feee379de56ee6aef6f7a3
periodic,0.8,2.0,250,022d9bbc700c7a2f81047c200692aa28cc1ce1e07886c3982d32ddb06fdf3511
periodic,0.8,2.0,264,007d37c9814ac86fd73041d3eff88e4cca3b6b5404e3302e6635a49304467596
periodic,0.8,2.0,273,0008d39090f38099e7cca466c454a1b9986e226da2a29c5e6217b329a577645b
periodic,0.8,2.0,299,0575f576e18de58caa4e49357c15a3029ae926b48bdbdbae90bc15582c385a4f
periodic,0.8,4.0,61,025b0a669b747c362493506a9c29ba05fd2a387c51cd63c32acd07e96dc30e03
periodic,0.8,4.0,67,05601de0471b72231d8bba6b38a24ede28779280da2c9aa46de551d6fe21b558
periodic,0.8,4.0,75,073cd23ad109331f568c0fdd23addcefe54e9a5dcda3defb8117808cfae19fe0
periodic,0.8,4.0,86,06b4c0902ec275354893dc89a56c4fad9350f1cf93a7ed1a599a27987cfa86d8
periodic,0.8,4.0,111,070e2b23de07be1227ae5b5c69119748d7369f311385eab6bbe5a19a4c9b6220
periodic,0.8,4.0,115,05aff5202bb543d3d60aa76365e05f967e6a090120d8b4bc44e6e2138f2fe088
periodic,0.8,4.0,121,016d4f862e3dfa93669a7d528102ece2a7e3c6b4240aa44d9eb4e4aaa79ebe40
periodic,0.8,4.0,195,02962f8bfb4327455709a85731151a07cc753e3be09acfd124338a65943ebafc
periodic,0.8,4.0,199,03d063bb8947da983a54899ecefd28c12aded601d524a90ef2af9c2f70776fe9
periodic,0.8,4.0,264,01a783f692b050e6c92e03b74fc7cee6e519607ffeb4942ede110ebddd1b1c86
tinnov,0.2,0.0,26,0519758a139854f2f927e43cfb614f85d90b5fbf0e6d4c0f5a92a539e5a5fdf4
tinnov,0.2,0.0,60,03952a01d8756ca8880bc2c07958f9109544e850e9f9e51fb660453271e3c1e9
tinnov,0.2,0.0,112,0a723965a4ad179fabd6535a681863d128b040695e3251da375fdb832750047a
tinnov,0.2,0.0,124,076965806bfd4d42008cc1758169dc92b14dc073f7f6dc1c107a885e5a59bd94
tinnov,0.2,0.0,125,0afb960d56303cbff51872251fb889937429b02e973bed16f15729c09a3e57d1
tinnov,0.2,0.0,139,0159b84d06e0dde5826a4d07c7b7e2776873f0ce36d4e8f7d7e61d6b75b8ec4b
tinnov,0.2,0.0,142,089c3fdf96d15e1867cf8ccdac92d7d19e9f0e8ac28ee7b4c43e1d4e1b3c9444
tinnov,0.2,0.0,150,0a1ddb7bdfc27d1fafb9444ae553834b65105813e7ee0b48bcb70410c233a1f0
tinnov,0.2,0.0,210,0a11079863498afd498274fd4dae6a1ffdda87b506802e68aa0367abe3429126
tinnov,0.2,0.0,216,0cd3cad3d58f56e10b1e1319c655b1c653420bc1fabfcd35d798035f18238408
tinnov,0.2,0.5,75,06e645ec8f14b6366604c78a87b121c23b7623854605497a6ce96a8b10659c7b
tinnov,0.2,0.5,82,086f0fc061f3746322b5a59094f451a26470189062aae924f2cd8dccb4bfb620
tinnov,0.2,0.5,123,088b3a3f622501a4a9b0ec890901e2193961469b74146bff30cf5c7bf3ec2e63
tinnov,0.2,0.5,139,0a9fb1eff01d317eaa1725cb01fbbbb5b2c1909412b42ba2fce05a9f28ad8c5b
tinnov,0.2,0.5,166,063daf78881d06a8c8a963939ddad246bbdd589b01ae2a9ee6b0d6b2801b9f77
tinnov,0.2,0.5,217,061f85e31ddbf3e0ce64187b54c4133f1fd70b068a4e9d4d30fb6ed1bfc6cc87
tinnov,0.2,0.5,234,0dc428bd106fdec27e3052036d0d828e533738aa5e94f1d491bd7845005e6f4d
tinnov,0.2,0.5,237,0353c7cb670fb5887255c0562b497db5e6fcb45da00afd88a4632020a1468e8f
tinnov,0.2,0.5,255,015d8221dff0f59a7c07b62a52c455c15d496ae667148f9d781f84eb6a2ea8e1
tinnov,0.2,0.5,293,014f3cc334f3e80c1ec3a2d0175525882c0d4e9e177e6f416ef6d0afd7a59fa9
tinnov,0.2,1.0,1,0c3e0acdf5285a488f25414d534ffef25272f0e886038e26d59634adbf060f9f
tinnov,0.2,1.0,4,044691eda4735940f7b875b5b9286e5621d646f430d475c6324a268c4fb70b76
tinnov,0.2,1.0,24,0a2912f68d60797e2af5e763022d304f5b4fec9a01471f1d018396f59617bd94
tinnov,0.2,1.0,53,033e09d5ce5656105c784d9314e2cf096d6c0eaf0bd940564b2d4ef611553ea2
tinnov,0.2,1.0,70,0b89b05651cf9f8469c2ff6c524537dd172c595b747d8da244953f1550c1f53e
tinnov,0.2,1.0,96,0a1d633e837fd296ef3ef4b346c3f7df1a59dd0f45aa08805647d2704a4f6e92
tinnov,0.2,1.0,102,02167ce1952c0cf67dfc9d1db4ca06f4a3be8ec81ca66ed254b725f480cf4ad8
tinnov,0.2,1.0,177,0092b3e4d5b5d11db134268e0a5611c6f0b6cbc04232575a34c96f50649ed561
tinnov,0.2,1.0,226,00e0272f39840e62dbf5b18e92868080eb0fa66a213df132d2643ae1a89f4493
tinnov,0.2,1.0,283,0c3c0440c1123f404ef7f1f6a68aeab521c06a8b71d62fffd4e2e611e88757b0
tinnov,0.2,2.0,32,05ff2269c70f90da820f920f57addbe12850cb3b70901e4b4c8da50df8e39aaa
tinnov,0.2,2.0,152,092eb3f12e303db13fc6e540349a7a931599ab870e3b26756791d498bf3506f8
tinnov,0.2,2.0,158,058c72582ddea5158dd1a34f930f08adfb05ffb63da0752414b9e7b90f3f5302
tinnov,0.2,2.0,187,052ad319d4afa2e6ee0bb3cfc7374568824a574c73aa50648310815ba882c33b
tinnov,0.2,2.0,193,067eaa8970f7ec26720d1e6b6e6a648c8eea826243f962c55b49636bdc10809d
tinnov,0.2,2.0,199,0ba56544a70a20050ec4ada14ce267c2448ff9251daf04f342b115a9aff7677c
tinnov,0.2,2.0,241,00270f6d085af13760a7b578d447068fbe6ec1fe598de867a6bf35fc2850373d
tinnov,0.2,2.0,263,08718987c541d0b82279780779b9bc5c1ee0e9373aca321c577ff7047ac202cb
tinnov,0.2,2.0,276,07bd2a2085da0c28d2375005dbf279aa122b19398a0177e5c15743fd405441d7
tinnov,0.2,2.0,285,0a414eb7792de45820408bc62c6c2b33a8156de35e957213bf838eb03c7734b8
tinnov,0.2,4.0,29,025302fbd6a950758bdf52aad6d10e0c198835041a6f61ade219b79ece67cad7
tinnov,0.2,4.0,41,04c199c6397d9aa30c47e64181692ec69b4b9ffe88dd9260f05e0bb9d34c1c12
tinnov,0.2,4.0,51,07515a8cb90e64e78fcf2997a07ad1af3c90db1b8bfe25a8172ca309c1889a2b
tinnov,0.2,4.0,67,083bbc31bdaf1703284a34bfe8e2e2925d38fdf21c45d0d4cacf3a0e631dd1d1
tinnov,0.2,4.0,79,032c9fe3ae73cbdf0f580a49096ca272637ee71e54c51f51682d948735442378
tinnov,0.2,4.0,86,011e950c7fd761707abacf2cb54646abfae7a08629de9e1623ca23148dcd22cb
tinnov,0.2,4.0,171,0504f1af179a1e78c3eda0fe95f5939d6ef70fb15c35d9878129f23b664796eb
tinnov,0.2,4.0,174,0820d1a8263aef2491c140713d90f5b8c80b3f6d80eacad4f48ebdb50e02b648
tinnov,0.2,4.0,195,09af2a228ab792cc3801ead95b3f7b366f53d8ed866d67f1f7c3e397c4e2a62d
tinnov,0.2,4.0,261,0235c8ec38a3d4deb4b5da5c59d13970b139cbd6bdabc7d9df34d978d63f3741
tinnov,0.5,0.0,26,05ad729071f24f2f36662818bc14756515d1e69fd65d3f7b82774bb3cb9143fc
tinnov,0.5,0.0,109,048860bcec50f4333a7b8566260b4078d5eed0b337a9edeb53b921c2f5f8207b
tinnov,0.5,0.0,110,0544db3d75bf0fd4dea7b289506f3f562c58d8ba412b0f6de45df04786f45570
tinnov,0.5,0.0,112,01d8d2f9b465bd68711af8fabab0e5e220d745c18307da6f5e623b102194ac15
tinnov,0.5,0.0,113,0817d2241f955f95cc9fd99aa3ea40090ce3ba0b1242e3218cad31bfe0272465
tinnov,0.5,0.0,130,011912590895ff2db6af080d67dbdfc25176034d5fe4f5bfbc1344667485161a
tinnov,0.5,0.0,131,066afe3c088d106a3f4cc137a9e64e98e6897a9c3bb73dd80740d00ffb726ba4
tinnov,0.5,0.0,158,08c55b613e5db0f065ad605a7009d979c18b02926b0d9aabdefc245ee212bb92
tinnov,0.5,0.0,205,0174552a54724165fa8652cc21a8a6a9f49c96acd828103dac7349a9c654d9db
tinnov,0.5,0.0,265,05fae31c2f3dcf10e24c09b3d8b6f0425a77bf81d9f6536f160bf719c2cfd957
tinnov,0.5,0.5,13,00a5e6a64b7e677b0d78539faaccf7e89b4f42b49e87e4f4d57dbe7e437a81e0
tinnov,0.5,0.5,30,039a8fa13bd71b29ec4083954f8a1b433aa6e4eba06f869510a1c7df7fc0799b
tinnov,0.5,0.5,45,01061a8973fbcbdf6f135f5491057e0422a73d7f6cbf20d02678f306a42d8693
tinnov,0.5,0.5,59,041a53776dc04c5f704c7b70604fb8c153fa6a3927a0dd804eac4644165e326a
tinnov,0.5,0.5,87,03cfce29b20f56b7accf38ca9c0662945ad084cff0dab60b6b692299e835e8bf
tinnov,0.5,0.5,110,032b1be9a5b843111eed261131186a5bfef19646b0e0d5f938dd70ca4c68eb86
tinnov,0.5,0.5,143,03e3703188293a4a83ced4ee34cd612c328f47c9f7d0cc20618122cb57465b51
tinnov,0.5,0.5,236,003abbefcd9ff3246a7b81a6a93a2537f98c827fb79dfce72686ec114f1f1cf0
tinnov,0.5,0.5,260,06b00d55c8744012ddacb2dc96c432e26010b72b19087847cc72fc1033cbc382
tinnov,0.5,0.5,270,007fc31263b1af71a631661236f97eaa5961ee66ed9d93657a98ca0b18d91935
tinnov,0.5,1.0,7,05796fdbb8dce89379ac2301d1444b4eef68befe28e7d4bd1aac9d96225a0ae9
tinnov,0.5,1.0,53,03c23d197ac7177a3459fef85cbe5bd62232b9ff83ecd73b186177cb11c42b76
tinnov,0.5,1.0,84,021a9db5bb300b7fccf4932c4f46d1898ef208d5ba9683ec0f12fc68891254f5
tinnov,0.5,1.0,91,02616c0af3238b1141213e3891528f9ddfb2d3b77beb1e8662b2d8136a5d618f
tinnov,0.5,1.0,190,01b1ada9953445730a7c9e0cb93e32b855f6879cbc3351b6ea923d6f27a9e904
tinnov,0.5,1.0,203,028d632c05f5087f35013f25bc1b3cd9e001b2a5e7022a36027158c2b6e57d43
tinnov,0.5,1.0,252,02ff7c038439528f682cf113f98c712717e3f146c9457d43a818459f615b0424
tinnov,0.5,1.0,269,054c67937bc74f173acb6c1843cd7cd2716780cfd98d0253317c002e6eaccafb
tinnov,0.5,1.0,270,02030eae12be64f87dad962c0ecb8627d584ed1d33edba01f5c97615a126ac42
tinnov,0.5,1.0,284,041e8abaf63bb8cb1bce72c7f3e9cbe8b6e624949bb56b9537896ae915b1267a
tinnov,0.5,2.0,13,062c38d4de5c48848bdf255e7381cf7afd48ce7ca2f3137eb7468ee87a120c78
tinnov,0.5,2.0,32,0742f99aa4358fbf24189a073b203a10de6c360b5fe71c06662d713d299882a5
tinnov,0.5,2.0,100,0980ee71408a33f12c03097bbc6be9424f6ce12694582505d540ee69d0d29397
tinnov,0.5,2.0,116,065e53be28d3c01e6a191cd73ed04596f171d37e0f2db8b3222a4e542414a404
tinnov,0.5,2.0,146,075256f4242831c9f7c22ea611eb2b988c88bcc83fe27099d46df91ca77aab8f
tinnov,0.5,2.0,175,064c215a3fc66c1ab8bd348c44a3f6f51b424409ec4376774cebd2e642591167
tinnov,0.5,2.0,188,03f7fc7ca56372240d54e8f083f6b854dc846cecddfcc67529514215c2f5db46
tinnov,0.5,2.0,225,00b1cc7b0bd868ee19d93c33f82b87fcc14d75b9462cebcb1fbd6b7446a33c54
tinnov,0.5,2.0,277,022ed21614b83fe4eb932a615362169cae47874ff51506770edeaa47c100f29c
tinnov,0.5,2.0,288,0690aa22eaf345908c67e0a4a44c9bc93b2796cdc2d5165da1bd948654779aee
tinnov,0.5,4.0,2,043a8172a82b70b333f9eba59fefe5daad977cfa7a6019ac0782b9ebccd1e48a
tinnov,0.5,4.0,20,07b38f82ce49491e0c1d851340a58661a335c26807816a77ccb062f85ee892f1
tinnov,0.5,4.0,44,0138c986fdeaf870acb9a05f2c2a6219bbef2ce90a49699e4e04a03f4761885b
tinnov,0.5,4.0,98,076ffb0cb242fcdfd732d786a108acfd99e7bf4e1e1b708c0c7512e365419d20
tinnov,0.5,4.0,133,08b938408b256022a0af95b4e7c382cba41b4af152ae1ab42ec028d5309ce345
tinnov,0.5,4.0,171,05df2cd85b07d2e318dbd08a61821ef08671c9dee78c1340ea90f8a68ac1ce79
tinnov,0.5,4.0,223,03e6478c89e61a51526466b04b9d09c45cbbe4f9e0a1c3bb62fed09c697559d9
tinnov,0.5,4.0,240,036c217c89ce397e1b4352b7945593937ea40481bdce5cdb6bebeda9fa07161d
tinnov,0.5,4.0,271,067bba6cb7d4f2bd9484b23a52ce4ec157f92c249953a0605559f907416b3d3a
tinnov,0.5,4.0,280,000b462ae69769a83391a1d427d97a271f6a65aa3c51c0911c06fb030e3dde2b
tinnov,0.8,0.0,34,02b6a137b55b68244fc36e917eafc36bea487321fd39792a5da0cc0ccaaa5564
tinnov,0.8,0.0,35,0406c9eee6edd80b1b889382afd7f6e3f4cef7837490612d17dd4a49450b1894
tinnov,0.8,0.0,47,03b08188a6663c6656906cdd02ed7399d045b53c66e8de33ad6c54085eae938b
tinnov,0.8,0.0,84,022b3e602b8013f6cc5e94d901488e97e67811e520b511dd3e5b2460f1097b5a
tinnov,0.8,0.0,123,01e012846ef54a77b31e2eb38d279c396e6c6b08cacf22749cc4bdd7dab78c7e
tinnov,0.8,0.0,212,063252b7800d8cadd2f3f0a78026d49263e21de485ce2ddfd8278d2e1c0d7a14
tinnov,0.8,0.0,218,00d6fe7a3190ced21afb5db22463b952c54453400d20a367267982d6ef673830
tinnov,0.8,0.0,238,006e859c4e3b7da26a58549b8148af8302a09189b0c32c541b1b68256a596fdd
tinnov,0.8,0.0,266,07e101dd587e7b4f9bc5c93937a6d757402cf8407354f4c8eb6eadc19fd61537
tinnov,0.8,0.0,292,07d7cfab8f5625d5279f0e88b5b0ddebcf42afefc1ef8862666344e389ee72b1
tinnov,0.8,0.5,8,0263301002b6df6e2b099036f2bd6df70ca36cb246dbd16cc9c1c9284e0b5d29
tinnov,0.8,0.5,50,0136f64f472c565f35011d184383300009de4d32befb7db3d6e5fe6dae36b211
tinnov,0.8,0.5,79,01997e28c6d08c0f45f15b1f99a4e5abf3dac35dcc138cad3808cb73a0d33b5a
tinnov,0.8,0.5,136,0150472cef378f00cc38be876b21756093663065678ef6b81182dab941474b17
tinnov,0.8,0.5,187,048def551bacfc79fe10b33bd01d4fd297826415adfe4c698c1204b3b0146af5
tinnov,0.8,0.5,198,0433b1758df76ce5db3a8af845ca57f605158737b5f78c368ad5caf777331919
tinnov,0.8,0.5,222,00d010b63d01a6ff5c5c8abb7179dd53aeb5454982716c81fe68971085d4d516
tinnov,0.8,0.5,238,0172845996b28b7e8c6b4701fee1bfbbd3f068bd8d9a7137cbb9f6cc4579986d
tinnov,0.8,0.5,241,01b643a138f7cbfa7f69615a7b7f04a62c170bc752a47111ae75ce89b97e2ad0
tinnov,0.8,0.5,264,0211f8fec3dd10fd13cb1424dedb4b0990c791202f1faf0ef100661c956c943f
tinnov,0.8,1.0,6,034fd4cc808d9b80dd439a6bee7b68115fea7dbc3645cc35ba6a4c901a3612a2
tinnov,0.8,1.0,36,037d07cafe7e4c0ff01ab90ccec53a59a7b46e10e267904526e36691ae2ad7bb
tinnov,0.8,1.0,80,02cd67ea2c9ba37fca15ee1f78b6fcb8393121fedb868d10808a16d13e27469e
tinnov,0.8,1.0,147,02b0c93a175becc112390b7d5f551ed11e050999dc6b2361660417dfd73b9949
tinnov,0.8,1.0,150,038b2fa3687faa517a3303c2c563b0a9cd3d7db6c3855ce2457b642e1869ab34
tinnov,0.8,1.0,179,032aa02452d172e9b3f02dec62875d0b291811452c3c96169b9c94f87be8924f
tinnov,0.8,1.0,187,02327e8c19df406ebb022b0abd0640ec6612e7ea05fc522bec5d0f83e17b04e4
tinnov,0.8,1.0,217,03fc4a87bee5ecb24ce8baa8d39a2d09fb1643e2cf94e637eeeab4d6d7d21c5c
tinnov,0.8,1.0,263,03b1be7b5b00cad00f86583308181e00ebf78377d3868d1dfc6b657ec2174bdd
tinnov,0.8,1.0,268,011df3a703615dfeea802d0915ff1dafecee8b7d370afd524b671a4845d74f58
tinnov,0.8,2.0,0,0470dcd49428a0349fb895ec39dc2fafefda51b0919c1f5752d46996a96f323f
tinnov,0.8,2.0,4,042d4ae9e7c632e61db41b2a2d8a9ae1b9713a1f4b9134caae373e279afe8ec4
tinnov,0.8,2.0,17,02d93419542bbb0658d9d33dd7e17f88999ec68b4585a27c4c8a894429a5fdb2
tinnov,0.8,2.0,29,01da2193a439dea3ebe359c140c6e0071709fbe85bd1b420b23df16e8e5d5b5b
tinnov,0.8,2.0,155,02d119c0ca980d60da9640b99b6f2359ff6839077da2b75842cdaa7a93c1f2cd
tinnov,0.8,2.0,183,016167440b2a1ca675e8db7904947ce759e8b75660b42111f5b095ece8fe831a
tinnov,0.8,2.0,196,07cd1db1c2f8454f5da9d0b736c64828dfcfbfa959f49ebd5fae0cdcec91a8b1
tinnov,0.8,2.0,206,06ab35784784a63bf5ec47be842f6e6bd9487fdfbf442a82f21e40dcc2ce1489
tinnov,0.8,2.0,253,01e4077a49fed3e4bbb31c799ca2217ef0002fb1301e31ecbea8fd149fb838ed
tinnov,0.8,2.0,262,05aebf0bd7b373b93d596e429e7a7ca28bd4e1a9f42d9678f46917088f636ed6
tinnov,0.8,4.0,40,0a845533ce1caa21c000cb0eb3b42520903b271eba87570326cd7c5195baa07f
tinnov,0.8,4.0,71,036b2af6dbaaa98132b74e555ebcdf1280aa657656a077af9334e1552b621e91
tinnov,0.8,4.0,76,0bfb4d4a7819450382cec28b98f5b7bc0d3112e3b221ba00f84e6097a304a2ae
tinnov,0.8,4.0,98,0de78f2b2d6f971b00c98e5a5194fad24bcacf65e210da4babe48818797db2ce
tinnov,0.8,4.0,166,07b44f1b095ff4cd15ca949151f04a9217dcf9c02dc05e8285cbac91ada38d47
tinnov,0.8,4.0,186,09882e8c16b1e5f24084070ead1f791ae68b475eabfec1a689f4a8d0068f2236
tinnov,0.8,4.0,212,0ebedb28af9e184a6beb877518eda9f8df4057e34e5a03a0cb2a15fd61ab655d
tinnov,0.8,4.0,222,02fd3c6461ce629d8c119ed26b753effa326204f8f4a77bd53800e65a4376aca
tinnov,0.8,4.0,249,04e038f86415b607334aa1cf138404aef036d5945143a1d9378a2f8f1a855c45
tinnov,0.8,4.0,290,0195f10b98b7bfe8de841e7f13755a5699c33f5bbf40dac1a9d02d22bc673cd0
