branch,n_obs_days,missing_days,neff_realized,p_month_mean,pbar_equalized,native_spectral_error_median,index_spectral_error_median,obs_fs90,p_native_fs90,p_index_fs90,rej_native_fs90,rej_index_fs90,median_native_fs90,median_index_fs90,mean_native_fs90,mean_index_fs90,sd_native_fs90,sd_index_fs90,delta_native_fs90,delta_index_fs90,center_gap_fs90,width_ratio_fs90,obs_fs85,p_native_fs85,p_index_fs85,rej_native_fs85,rej_index_fs85,median_native_fs85,median_index_fs85,mean_native_fs85,mean_index_fs85,sd_native_fs85,sd_index_fs85,delta_native_fs85,delta_index_fs85,center_gap_fs85,width_ratio_fs85,obs_tdiff,p_native_tdiff,p_index_tdiff,rej_native_tdiff,rej_index_tdiff,median_native_tdiff,median_index_tdiff,mean_native_tdiff,mean_index_tdiff,sd_native_tdiff,sd_index_tdiff,delta_native_tdiff,delta_index_tdiff,center_gap_tdiff,width_ratio_tdiff,paired_outcome,exposure_sensitivity_defined,station_id,short_code,station_name,region,neff_frozen,obs_fs90_exposure,p_native_fs90_BY,p_index_fs90_BY,log_width_ratio
equalized,2881,38,11.996063671978204,0.1471327636541232,0.1457956526620532,0.0026010539341893,0.000385235236938,0.7704648761715764,0.618,0.11,False,False,0.7305408271474019,0.9413007666696788,0.7315966641521122,0.9100742730520032,0.1268485688611741,0.1004535898324549,-0.0399240490241745,0.1708358904981022,0.2107599395222767,0.7919174077745629,0.871972767061112,0.96,0.374,False,False,0.6565399510922344,0.9024127625911929,0.6606094230225987,0.8913794796956422,0.1190725754636818,0.0999721352577688,-0.2154328159688776,0.0304399955300807,0.2458728114989583,0.8395899296581547,1.7681522917120234,0.992,0.27,False,False,1.5804512542592577,1.7724575247168062,1.576480630343849,1.7704278337677537,0.0920094523176728,0.008460249750857,-0.1877010374527656,0.0043052330047828,0.1920062704575484,0.0919497892634659,neither,False,RIX/901,TE,Las Encinas Temuco,IX,4.566895004902395,,1.0,1.0,-0.2332981757184987
equalized,2910,9,11.99908693065845,0.2285173330697609,0.227374660032974,0.002231436697602,0.0001195170348423,0.5933427645030049,0.782,0.076,False,False,0.5194417988322498,0.7534991889059561,0.5223077960825148,0.7643771320307959,0.1035081002461375,0.1225350511344387,-0.0739009656707551,0.1601564244029512,0.2340573900737063,1.1838208878634116,0.882115877806661,1.0,0.9,False,False,0.4683065193629687,0.7364688894046053,0.4785194162237267,0.7309094374303046,0.0924371979201159,0.1133108449210755,-0.4138093584436922,-0.1456469884020557,0.2681623700416365,1.2258143633799603,1.5793437472969158,0.99,0.118,False,False,1.365187739647035,1.5867817810670286,1.3663787746001803,1.5855732062080017,0.08709822840898,0.0054497020787655,-0.2141560076498805,0.0074380337701127,0.2215940414199932,0.062569608800489,neither,True,RIX/902,PLCII,Padre Las Casas II,IX,5.407444812370239,0.5970077144860906,1.0,1.0,0.168747247875884
equalized,2917,2,11.998929597216751,0.080206797606282,0.0785058243727598,0.0022984902565011,0.0111102872259351,0.834665345744091,0.652,0.348,False,False,0.7864729616891573,0.8860981661925801,0.7859449171547926,0.8738441102549829,0.1245385284995286,0.1080563903646341,-0.0481923840549337,0.051432820448489,0.0996252045034228,0.8676543047884353,0.7968487328321756,0.776,0.276,False,False,0.7172814349197578,0.8659046810574824,0.7187721550250744,0.8612422311003818,0.1125523764531655,0.1020090856389969,-0.0795672979124177,0.0690559482253068,0.1486232461377246,0.9063254713368336,1.83060061532687,0.742,0.204,False,False,1.7673641012398162,1.848497445419412,1.7649531025892518,1.8459880591689204,0.0995780994733785,0.0202767289871062,-0.0632365140870536,0.0178968300925419,0.0811333441795956,0.2036263906857035,neither,True,RIX/905,TEII,Nielol Temuco,IX,3.98857720980786,0.834665345744091,1.0,1.0,-0.1419619100236725
equalized,2859,60,11.997145609993932,0.0678335984899192,0.0666222758244647,0.0012874821199689,0.0279511023466288,0.7931005265387642,0.212,0.17,False,False,0.915074585914598,0.9248026944868628,0.8870666113087045,0.8978782956674912,0.1119340471631355,0.1036275674880743,0.1219740593758338,0.1317021679480987,0.0097281085722649,0.925791304026057,0.7870321773184222,0.312,0.23,False,False,0.8435089128658292,0.8636017272034544,0.8343847621380449,0.8606240074804156,0.121022748776648,0.0964113646257072,0.0564767355474069,0.0765695498850321,0.0200928143376252,0.7966383642767629,1.7789235214396957,0.302,0.092,False,False,1.842003067978501,1.820280059629012,1.8351337411122213,1.820448771493629,0.10282758533401,0.0311495343230317,0.0630795465388056,0.0413565381893159,-0.0217230083494897,0.3029297461556634,neither,False,RM/D12,LF,La Florida,RM,3.883135290933782,,1.0,1.0,-0.0771064433583775
equalized,2884,35,11.98851049812034,0.072849185216945,0.0717434622824333,0.0012121440493897,0.0032537459977796,0.7795597858417609,0.346,0.684,False,False,0.8608452492722103,0.7143062048102438,0.8336769461478013,0.7228435440837115,0.1532194958672501,0.1251051809192991,0.0812854634304494,-0.0652535810315171,-0.1465390444619665,0.8165095454150942,0.5692350615241045,0.102,0.148,False,False,0.7793261015896028,0.6968654117256821,0.7729741960397084,0.6954579009185079,0.145318957783595,0.115334602807603,0.2100910400654982,0.1276303502015775,-0.0824606898639207,0.7936652214321228,1.6439066617709328,0.04,0.066,True,False,1.847168226757079,1.6665305067032703,1.845962426012208,1.6653834864469232,0.1063368273768378,0.0165101007190804,0.2032615649861462,0.0226238449323374,-0.1806377200538087,0.1552623030643143,neither,True,RM/D14,SA,Parque O'Higgins,RM,3.6469705215521393,0.7795597858417609,1.0,1.0,-0.2027166759907248
equalized,2867,52,11.99727901959679,0.1248857998469793,0.1253803113216025,0.001561362249763,0.0003656443989199,0.9083480010057832,0.508,0.314,False,False,0.9062192532753351,0.978082359046369,0.8753042507269252,0.9317516910485384,0.1264937371596767,0.0905103089742524,-0.002128747730448,0.0697343580405857,0.0718631057710337,0.7155319386286922,0.9128511966701351,0.598,0.46,False,False,0.8758503156774481,0.926237029716948,0.8644357646597431,0.9053115068364844,0.1122907887902802,0.0916691004649534,-0.0370008809926871,0.0133858330468126,0.0503867140394997,0.8163545866273885,1.821836130131638,0.646,0.458,False,False,1.7912166724557683,1.822309893149742,1.7910845877464678,1.8206832542579667,0.091028460082467,0.0086590038212742,-0.0306194576758698,0.0004737630181037,0.0310932206939735,0.0951241382467587,neither,False,RM/D15,PU,Pudahuel,RM,3.555237056152642,,1.0,1.0,-0.3347290427866488
equalized,2892,27,11.998806007670025,0.1542443954091061,0.1537303064703976,0.0013040236745774,0.0003907017397927,0.702991914194159,0.344,0.03,False,True,0.7726671224027746,0.966589740108904,0.7608769131343174,0.9315948135895072,0.1425987798871829,0.0906445507242721,0.0696752082086156,0.2635978259147449,0.1939226177061292,0.6356614747754848,0.7501400601521495,0.662,0.056,False,False,0.6978800206268263,0.9188644799179216,0.6913189616592923,0.9064270508049056,0.1377091276198574,0.0887687998582079,-0.0522600395253232,0.168724419765772,0.2209844592910952,0.6446108648894455,1.9218717210775784,0.974,0.516,False,False,1.7076869281071256,1.9215856655441024,1.7058777036401906,1.9202437913783488,0.1047717398939639,0.0087865250777013,-0.2141847929704528,-0.0002860555334762,0.2138987374369765,0.0838635025684771,index_only,True,RM/D18,CN,Cerro Navia,RM,3.942164611306127,0.7146679044645118,1.0,0.8988811276214312,-0.4530891297148271
equalized,2889,30,11.995731821543258,0.0885910371422998,0.0875318691906401,0.0011344034420371,0.0045049489909953,0.8785583072983011,0.314,0.286,False,False,0.9483727531523548,0.9456124793140288,0.91303792018252,0.9199270706311664,0.1025813730895875,0.0874667853659256,0.0698144458540538,0.0670541720157277,-0.0027602738383261,0.8526575803341738,0.7207916986933128,0.124,0.04,False,True,0.8636260842877219,0.9123116571244492,0.8510367015826452,0.8974448640901079,0.1156553912120462,0.0907203724271352,0.142834385594409,0.1915199584311362,0.0486855728367271,0.7844024517698865,1.7457650532612712,0.138,0.134,False,False,1.8549735771657625,1.761134068861535,1.8499059652185783,1.7602236412429708,0.0996771218642246,0.016746611481574,0.1092085239044913,0.0153690156002637,-0.0938395083042276,0.1680085777796161,neither,True,RM/D30,QU,Quilicura,RM,3.4919692630022205,0.875190340074266,1.0,1.0,-0.1593972419394183
equalized,2904,15,11.995509154675233,0.1111970288086516,0.1094676470136081,0.0016886303034311,0.0019337593768808,0.9315225056537704,0.916,0.768,False,False,0.7363577895413843,0.8357879345171696,0.7344550113462814,0.827631032591966,0.1382240865229081,0.1192745646587912,-0.195164716112386,-0.0957345711366007,0.0994301449757852,0.8629072375097436,0.7613978966439723,0.51,0.462,False,False,0.7588101949204361,0.7714980287438122,0.7606167256395325,0.7708392844651543,0.1202711960295071,0.1091919713665177,-0.0025877017235361,0.0101001320998399,0.0126878338233761,0.9078813129930784,1.5800000533378,0.09,0.082,False,False,1.7160138949897406,1.594400509679514,1.7145214321979174,1.5936410693922232,0.1009632329845534,0.0111887181084656,0.1360138416519405,0.0144004563417139,-0.1216133853102265,0.1108197289024744,neither,True,RVI/609,RGAI,Rancagua I,VI,3.55253997936404,0.9315225056537704,1.0,1.0,-0.1474480820772253
equalized,2902,17,11.997842577841508,0.1002890194622106,0.0990479457952238,0.0014577160774985,0.005032359106448,0.8384538496895588,0.566,0.502,False,False,0.8154186833697131,0.8381292460184876,0.8110161894396589,0.8359682346090964,0.1249724742651181,0.1133457721148769,-0.0230351663198457,-0.0003246036710712,0.0227105626487744,0.9069658961414409,0.6592693039872741,0.15,0.098,False,False,0.7958750762909924,0.8141451546060987,0.7947939611705914,0.8135028703705062,0.126017913023667,0.1163726964357472,0.1366057723037183,0.1548758506188245,0.0182700783151062,0.9234615432322764,1.741875134848005,0.518,0.082,False,False,1.7345052401557897,1.763336608100959,1.7352859879468483,1.762477036251194,0.0988219039081911,0.015647088355509,-0.0073698946922153,0.0214614732529538,0.0288313679451692,0.1583362365700376,neither,False,RVI/611,RNG,Rengo,VI,3.3975485931008214,,1.0,1.0,-0.0976504303000105
equalized,2911,8,11.995467173206412,0.1326006429956727,0.1331523512586772,0.0013688985777191,0.0039325716045593,0.7242704401094058,0.726,0.256,False,False,0.6315052968711505,0.8134143168129574,0.6406382135490177,0.8078749358784528,0.1419081952692355,0.1219224904618305,-0.0927651432382552,0.0891438767035516,0.1819090199418068,0.8591645481116303,0.7522620388156588,0.898,0.508,False,False,0.6011677271139249,0.7479235078230636,0.5951525910725177,0.7474843894788703,0.125756722525683,0.1138636577690795,-0.1510943117017339,-0.0043385309925951,0.1467557807091387,0.905428000048463,1.6992135952659746,0.814,0.08,False,False,1.6042950653310917,1.7209546957967443,1.6030221761568884,1.719670902548044,0.1065796116825023,0.0149393462386682,-0.0949185299348831,0.0217411005307699,0.116659630465653,0.1401707700265596,neither,True,RVI/615,RGAII,Rancagua II,VI,3.4822297303581218,0.7242704401094058,1.0,1.0,-0.1517948175876264
equalized,2918,1,11.998028007387964,0.1285095430914387,0.1282518785870706,0.0019085839715644,0.0010894135512679,0.6224514574894853,0.036,0.002,True,True,0.8692783413747497,0.9967526483469225,0.8546789815461924,0.949748568350286,0.115363072859896,0.0715293580827652,0.2468268838852644,0.3743011908574372,0.1274743069721727,0.6200368654329645,0.7981516620985312,0.366,0.07,False,False,0.8414533106960951,0.9649691283390562,0.8331319086595578,0.9349387342197332,0.1030339680648564,0.0774063164452551,0.0433016485975639,0.166817466240525,0.1235158176429611,0.7512698763239876,1.934586113481582,0.996,0.222,False,False,1.7180844217986588,1.9398511953568656,1.717096967454705,1.9389479741371567,0.0889926610557876,0.0088327220691401,-0.2165016916829232,0.0052650818752835,0.2217667735582067,0.0992522525380267,both,True,RVII/709,CRCI,Curicó,VII,4.124046105090353,0.6224514574894853,1.0,0.2496892021170642,-0.4779763423349486
equalized,2918,1,11.991367406247017,0.0476253309470111,0.045786517940602,0.0025349667440861,0.0520150736881362,0.9963632051231373,0.502,0.384,False,False,0.995873576609418,1.0,0.9301866500566054,0.9627979038182508,0.099108199163907,0.0682349321632349,-0.0004896285137192,0.0036367948768628,0.0041264233905821,0.6884892747408916,0.8479219239305585,0.244,0.08,False,False,0.9467625340069956,1.0,0.9123852500606624,0.962227506936575,0.1022823900527954,0.0636385466574398,0.0988406100764371,0.1520780760694414,0.0532374659930042,0.6221847829777024,1.8767301605119144,0.382,0.156,False,False,1.907484600849,1.9192450376247827,1.901179734905953,1.9161066737399488,0.0987985976949084,0.0398893661553887,0.0307544403370849,0.0425148771128682,0.0117604367757833,0.4037442543321041,neither,True,RVII/711,TALIII,Universidad de Talca,VII,3.8650088626101353,0.9963632051231373,1.0,1.0,-0.3732555386531468
equalized,2909,10,11.99762347786745,0.0800919503768653,0.0791901168868095,0.0015976232447242,0.0052586921822618,1.0,1.0,1.0,False,False,0.9312955692652832,1.0,0.8949502395268817,0.9478835043234114,0.1172792652081564,0.0764273575978019,-0.0687044307347167,0.0,0.0687044307347167,0.6516698195725568,1.0,1.0,1.0,False,False,0.8635888729267337,0.9816969426160482,0.8470129760055874,0.9455869340176448,0.1270490437311308,0.0731358091963081,-0.1364111270732663,-0.0183030573839517,0.1181080696893145,0.5756502138739596,1.842470907881104,0.402,0.234,False,False,1.8670989245756573,1.852757490330212,1.8668744985836068,1.851846408141076,0.0996242345506784,0.0158484403147164,0.024628016694554,0.0102865824491085,-0.0143414342454455,0.1590821790119173,neither,True,RVIII/802,THNI,Consultorio - San Vicente,VIII,4.000882886816626,0.9825180863925084,1.0,1.0,-0.4282172570237275
equalized,2918,1,11.999243499872666,0.1569441166692866,0.1551686337658642,0.0021764373600691,0.0005475897661941,0.7475479249441721,0.16,0.026,False,True,0.9108564040898316,1.0,0.8803073333546493,0.9481893559887152,0.1202234294726692,0.0762626299397774,0.1633084791456596,0.2524520750558279,0.0891435959101683,0.6343408291901526,0.6515718392115709,0.106,0.002,False,True,0.8159974995767513,0.9676535352074191,0.8142956528982817,0.9357584838306438,0.1269550034456765,0.0778068471531937,0.1644256603651803,0.3160816959958482,0.1516560356306678,0.6128694816387152,1.5180337692353094,0.04,0.004,True,True,1.6644112185884008,1.554937080444976,1.667486351195613,1.5538329127892978,0.0789040760895891,0.0075378672317357,0.1463774493530913,0.0369033112096666,-0.1094741381434247,0.0955320384611946,index_only,True,RVIII/804,HPNIII,JUNJI,VIII,4.284718554034862,0.7475479249441721,1.0,0.8988811276214312,-0.4551688835187888
equalized,2913,6,11.997799705127504,0.1201272867070805,0.118332897199226,0.0026439147678947,0.0006153636309894,0.9042600336806144,0.81,0.29,False,False,0.7657049968392022,0.9870913146061776,0.7631658882288471,0.9367570309273634,0.1455508122465283,0.0866113235920302,-0.1385550368414121,0.0828312809255631,0.2213863177669752,0.5950590192882657,0.8652612491809774,0.742,0.292,False,False,0.7761751981649778,0.9407855806291682,0.7678373365786122,0.9141682859455502,0.1356090606230486,0.0944169900411108,-0.0890860510159995,0.0755243314481908,0.1646103824641903,0.6962439648745912,1.7527366714476018,0.684,0.166,False,False,1.7127523858417484,1.7603986842543755,1.7119789814545112,1.7587633975220724,0.0926071652400967,0.008563947134809,-0.0399842856058534,0.0076620128067739,0.0476462984126273,0.092476074746546,neither,True,RVIII/806,THNV,Inpesca,VIII,4.055869457445088,0.9042600336806144,1.0,1.0,-0.5190946862745978
equalized,2915,4,11.99308076260903,0.0552036144438931,0.0526617252954331,0.0031368001967791,0.0288188730525711,0.7135545156285765,0.614,0.1,False,False,0.683118710557735,0.8670806965649479,0.6839647872665899,0.86275293757379,0.1134930235642222,0.1081267394131017,-0.0304358050708415,0.1535261809363713,0.1839619860072129,0.9527170571142208,0.6525474208108859,0.632,0.104,False,False,0.6146287987981892,0.7798336798336798,0.6197407245981413,0.7849498356512707,0.1034859312144688,0.1051340929807177,-0.0379186220126966,0.1272862590227939,0.1652048810354905,1.0159264331576836,1.6803292864277632,0.718,0.014,False,True,1.5930413928328944,1.743843181146565,1.5980354226579625,1.7433711252804416,0.1356562954545955,0.0310766443194776,-0.0872878935948688,0.0635138947188016,0.1508017883136705,0.2290836869408605,neither,True,RVIII/810,CHLI,INIA. Chillán,VIII,4.429356194740295,0.7135545156285765,1.0,1.0,-0.0484373164575763
equalized,2917,2,11.997113005697338,0.0898296071523252,0.0886975846100168,0.0022887019994235,0.0042054102079681,1.0,1.0,1.0,False,False,0.8892208762300672,0.9861342598026558,0.867837258740516,0.9365169342069224,0.127804739661562,0.0883880946460489,-0.1107791237699328,-0.0138657401973442,0.0969133835725886,0.6915869855852568,0.8948453164047914,0.62,0.32,False,False,0.8604927415498064,0.9518082645661416,0.8416589495434623,0.9238653878215246,0.1226835007069666,0.0879621683621165,-0.0343525748549849,0.0569629481613501,0.0913155230163351,0.7169844995882223,1.732713793730446,0.208,0.154,False,False,1.8088472897966552,1.7457688776369285,1.8079661782528704,1.7448548071868974,0.0889723119658096,0.0143585672121648,0.0761334960662092,0.0130550839064824,-0.0630784121597267,0.1613824221818851,neither,True,RVIII/832,CNH,Balneario Curanilahue,VIII,4.466895008970985,1.0,1.0,1.0,-0.368766343185142
equalized,2897,22,11.997159948771598,0.0780338925695958,0.0760842044144848,0.0013941646384677,0.0246879513179478,0.524358115240919,0.236,0.086,False,False,0.6118662767655344,0.6733047655386302,0.6143629428973972,0.6740025389491958,0.1159224630558127,0.1042554957937166,0.0875081615246153,0.1489466502977111,0.0614384887730957,0.8993554229737187,0.6086332416750452,0.734,0.254,False,False,0.5460436083242438,0.666279675607104,0.5479393654143498,0.6694025084063598,0.1035368365196506,0.0953277512056582,-0.0625896333508013,0.0576464339320588,0.1202360672828601,0.9207133848209148,1.495455084630832,0.414,0.012,False,True,1.5206018488750237,1.5649483003048323,1.5286679581573266,1.5654903922841323,0.1284076581375317,0.0329509246568449,0.0251467642441916,0.0694932156740002,0.0443464514298086,0.2566118340196845,neither,False,RVIII/837,THNVI,Nueva Libertad,VIII,4.296592620779175,,1.0,1.0,-0.1060769689450685
equalized,2895,24,11.99176799395147,0.073266153436371,0.0716475353333076,0.0034490709731598,0.0313145464012419,0.7854728778234664,0.204,0.092,False,False,0.9135454595356156,0.9633462352439428,0.8886409459950363,0.9301969891220472,0.1108877734909668,0.0885688544505855,0.1280725817121492,0.1778733574204762,0.049800775708327,0.7987251584395797,0.9889112903225806,0.828,0.624,False,False,0.8574307484155808,0.9265651933021424,0.8527835559301463,0.911575707203583,0.1134899950511579,0.0914912652112593,-0.1314805419069998,-0.0623460970204382,0.0691344448865616,0.8061615049856774,1.739694931224053,0.142,0.08,False,False,1.8424050089872872,1.788802596940323,1.841154751297135,1.78677113488042,0.094584679512712,0.0322810270675911,0.1027100777632341,0.0491076657162699,-0.0536024120469642,0.3412923449537332,neither,False,RVIII/841,HQI,Hualqui,VIII,4.548027716450594,,1.0,1.0,-0.2247383743191516
equalized,2909,10,11.988762113453957,0.0371597984114757,0.0359025908157622,0.00327305078633,0.0785053845275284,0.8058723752705153,0.172,0.036,False,True,0.9643006733898252,1.0,0.9133941341506888,0.9665224407152826,0.1087706680367572,0.060435811349302,0.1584282981193098,0.1941276247294847,0.0356993266101749,0.5556260013855775,0.8666756272401434,0.212,0.13,False,False,0.9883362061889518,0.9989407534002706,0.9343866841559184,0.9539941382165484,0.0927061641028504,0.0677518612784678,0.1216605789488084,0.1322651261601272,0.0106045472113187,0.7308236937006866,1.944393159899213,0.362,0.3,False,False,1.9781034969549816,1.970470945525564,1.974700224950946,1.970199459620618,0.0990444055731489,0.0483204936488252,0.0337103370557687,0.0260777856263503,-0.0076325514294184,0.4878669660260398,index_only,True,RVIII/854,CHYI,Punteras,VIII,4.851325882558054,0.8058723752705153,1.0,0.8988811276214312,-0.5876598704468362
equalized,2918,1,11.997060071318208,0.1630914692876217,0.1631722821862476,0.0051309149023516,0.0005488423359087,0.9578601522940744,0.554,0.392,False,False,0.9273604400721812,0.9909028007107924,0.8939766234864758,0.9436394241632996,0.1174080162207333,0.0797490238628984,-0.0304997122218932,0.033042648416718,0.0635423606386113,0.6792468387589938,1.0,1.0,1.0,False,False,0.8941439434444246,0.9547594739969828,0.8700029549572147,0.9263120156239212,0.1191681395993836,0.0852293394297913,-0.1058560565555754,-0.045240526003017,0.0606155305525583,0.7152023998722508,1.7538661862301168,0.124,0.24,False,False,1.844032628733816,1.7581843157404304,1.8483419634375424,1.7570408689233985,0.0814877231066448,0.0080483647230329,0.0901664425036994,0.0043181295103136,-0.0858483129933858,0.098767819448087,neither,True,RVIII/873,CHLII,Puren,VIII,4.850638961613428,0.9578601522940744,1.0,1.0,-0.3867706847034494
equalized,2869,50,11.982410920363106,0.0387064113507622,0.0367104637553946,0.0069947137960467,0.0233946721866291,1.0,1.0,1.0,False,False,0.969398128507048,1.0,0.9165656099207066,0.979911770142687,0.1070639951176093,0.0416125082406944,-0.0306018714929519,0.0,0.0306018714929519,0.3886694887014338,1.0,1.0,1.0,False,False,0.933736784279822,1.0,0.905745116300486,0.9678336085146452,0.1022978334613094,0.0528857104311786,-0.0662632157201779,0.0,0.0662632157201779,0.5169778150891173,1.9454053138495275,0.59,0.332,False,False,1.9138674419360475,1.9590668720317,1.92047483384798,1.957237702847188,0.0977650665230069,0.0298745429844137,-0.03153787191348,0.0136615581821724,0.0451994300956524,0.3055748238802982,neither,False,RVIII/874,LAII,Los Ángeles Oriente,VIII,5.199355045521616,,1.0,1.0,-0.9450259399563046
equalized,2916,3,11.999519302353384,0.149531926204133,0.147178165799577,0.0081005217542466,0.0009198309504727,0.8673177220631535,0.258,0.18,False,False,0.9475112995536152,0.9869188908227474,0.918636578527772,0.9406469053204176,0.0938716652656912,0.0839189484120599,0.0801935774904616,0.1196011687595939,0.0394075912691322,0.8939752818333164,0.7890081148145665,0.202,0.07,False,False,0.8886012003737311,0.9508211990437456,0.8759321118851694,0.9295834900737902,0.1080599548191669,0.0791154783726544,0.0995930855591646,0.161813084229179,0.0622199986700143,0.7321442851336518,1.7783712438689163,0.254,0.222,False,False,1.832410244891284,1.7838312518390422,1.832265203949242,1.7829988398558887,0.0775334677628609,0.0083233743880381,0.0540390010223679,0.0054600079701259,-0.048578993052242,0.1073520200785473,neither,True,RVIII/875,LAI,21 de mayo,VIII,5.208727826735544,0.8673177220631535,1.0,1.0,-0.1120771531468842
equalized,2913,6,11.99749242661683,0.214225147254206,0.2140819284039117,0.002978100073353,0.0001424566171299,1.0,1.0,1.0,False,False,0.7554913025229679,0.936020293122886,0.7549709383403465,0.8978031525308335,0.1458405205746678,0.1138957472819453,-0.244508697477032,-0.0639797068771138,0.1805289905999182,0.7809609211017039,0.8108517077388673,0.684,0.204,False,False,0.7541887337506018,0.9116940940241828,0.7545709760975247,0.8945419230132778,0.1270709994383457,0.1019152591913236,-0.0566629739882654,0.1008423862853153,0.1575053602735808,0.8020339781837603,1.6642518491687823,0.5,0.504,False,False,1.6644602723548247,1.6641425790945912,1.6653008657491537,1.6625765226028957,0.0820588868184163,0.0067792776360307,0.0002084231860421,-0.0001092700741913,-0.0003176932602335,0.0826147891944011,neither,True,RX/A01,OS,Osorno,X,5.672571500304316,1.0,1.0,1.0,-0.2472301673960031
equalized,2919,0,11.999693155510723,0.1209214825905621,0.1195779609541028,0.0057900298941746,0.0009115148103367,0.6783873048513742,0.288,0.044,False,True,0.76856353702007,0.9166031321913448,0.7590462552916197,0.8949170814053836,0.150124346276105,0.103685623713496,0.0901762321686957,0.2382158273399706,0.1480395951712748,0.690664947328392,0.8826625299276071,0.726,0.61,False,False,0.812854899118038,0.8546178683481068,0.8067667454652643,0.8525233145090343,0.1185255198708127,0.0962438666804777,-0.069807630809569,-0.0280446615795002,0.0417629692300688,0.812009656531169,1.7549840475100242,0.394,0.03,False,True,1.7773376341017542,1.7924033372348125,1.7777090488117993,1.7901878584193165,0.0875021758159438,0.0119130203101823,0.0223535865917299,0.0374192897247882,0.0150657031330583,0.1361454180892665,index_only,True,RX/A07,PMII,Mirasol,X,5.244669591094444,0.6783873048513742,1.0,0.9155270744292356,-0.3701004536633654
equalized,2908,11,11.999414794539083,0.1093595230780451,0.1081607222380273,0.0028855124896952,0.0014550343496808,0.913482939108812,0.656,0.244,False,False,0.8457780158643079,1.0,0.8294957675884653,0.9500864853519164,0.1430047763523785,0.0779448162156273,-0.0677049232445041,0.0865170608911879,0.1542219841356921,0.5450504395990435,0.8009277626880703,0.326,0.056,False,False,0.8772681451612904,0.9978393854251876,0.8495634753459123,0.9458996320674418,0.1355474497960402,0.0754617946002391,0.07634038247322,0.1969116227371172,0.1205712402638972,0.5567186598773106,2.0010877005378025,0.946,0.45,False,False,1.851638757572922,2.002173386084507,1.8556847192904848,2.00033998800782,0.0929495719780379,0.0106835419831129,-0.1494489429648804,0.0010856855467045,0.1505346285115849,0.114939119737282,neither,True,RX/A08,PMI,Alerce,X,4.658716094585288,0.9227745646814384,1.0,1.0,-0.6068769388783387
equalized,2917,2,11.999468225078756,0.2406447449410219,0.2396947941253606,0.0035790849123045,0.0003562712842551,1.0,1.0,1.0,False,False,0.9160560741409884,0.9414418621358526,0.8894797355290355,0.9115507180719684,0.1092225160925019,0.1009567719434319,-0.0839439258590116,-0.0585581378641474,0.0253857879948642,0.9243219764130822,0.992345544013122,0.866,0.728,False,False,0.8513075442481078,0.918166060773396,0.846526915752153,0.898543644057043,0.1142010059121928,0.0980939365436446,-0.141037999765014,-0.074179483239726,0.066858516525288,0.8589586033862656,1.8294933342338904,0.844,0.232,False,False,1.7602799263980369,1.8342131860149904,1.7579187183119196,1.832253083550445,0.0699674321424247,0.0078287715318197,-0.0692134078358535,0.0047198517811004,0.0739332596169539,0.1118916514741246,neither,True,RXI/B03,COI,Coyhaique I,XI,5.303878315012322,1.0,1.0,1.0,-0.0786948087167846
equalized,2919,0,11.9994989610249,0.2542173318561413,0.2550403225806452,0.0032582254206612,0.0003476031296146,0.9473251459452996,0.774,0.55,False,False,0.8320618889008273,0.9356334090129288,0.8173459400304843,0.90822793980418,0.1409947705557876,0.0959232823513479,-0.1152632570444721,-0.0116917369323706,0.1035715201121014,0.6803321993661681,0.7755890719768128,0.4,0.158,False,False,0.8076533839342188,0.9194268433179724,0.800510676102297,0.8952965473501213,0.1272630844071504,0.1039573879594288,0.032064311957406,0.1438377713411595,0.1117734593837534,0.816869938707749,1.7889239170558324,0.938,0.046,False,True,1.6885055854760391,1.80697443370094,1.6861852092817484,1.8056299282140729,0.0701484401015962,0.0074094878258462,-0.1004183315797933,0.0180505166451072,0.1184688482249005,0.1056258387943472,neither,True,RXI/B04,COII,Coyhaique II,XI,5.320691503153492,0.9473251459452996,1.0,1.0,-0.3851740716235136
equalized,2842,77,11.998315624526215,0.0967419945106157,0.0947987327494996,0.0014099932076187,0.0003472734101602,0.5664283579687823,0.194,0.016,False,True,0.6675376884422111,0.8875149913739474,0.6754974539240729,0.8715679002557265,0.1266215463282629,0.1141842353476829,0.1011093304734287,0.3210866334051651,0.2199773029317363,0.9017757139978568,0.9667245522636776,0.992,0.78,False,False,0.6010480798239047,0.8636294505026539,0.6069550323131023,0.8574446798935089,0.1234884500266128,0.1081943196445082,-0.3656764724397729,-0.1030951017610237,0.2625813706787492,0.8761493048231678,1.7306200023211296,0.686,0.306,False,False,1.6843095667664345,1.7337579515181556,1.6683306003858225,1.7318798649776086,0.1180463006576912,0.0086319987437459,-0.046310435554695,0.003137949197026,0.049448384751721,0.0731238395074899,index_only,False,RXI/B05,VI,Vialidad,XI,4.222860157818284,,1.0,0.8988811276214312,-0.1033894439434424
equalized,2892,27,11.997492261304895,0.1355572074179722,0.1342710085862737,0.0013484381894732,0.0004234567254481,0.9360632743707628,0.854,0.384,False,False,0.7933204916031362,0.9716635487628392,0.7853282738785975,0.9315799858508884,0.1349714152383462,0.0867504985279852,-0.1427427827676266,0.0356002743920764,0.1783430571597031,0.6427323768872973,0.8287841191066998,0.716,0.184,False,False,0.7603309936086591,0.9284036068072136,0.7540886654348348,0.9110203931985734,0.1163125896438406,0.090453450254396,-0.0684531254980407,0.0996194877005137,0.1680726131985545,0.7776754909453201,1.8202035309550109,0.974,0.33,False,False,1.65102745683503,1.8229343000126768,1.647083436524164,1.8209587171072,0.0917602146461567,0.0089271870165871,-0.1691760741199808,0.0027307690576658,0.1719068431776467,0.0972882098305001,neither,False,RXIV/E04,LU,La Union,XIV,4.833275114309975,,1.0,1.0,-0.4420268515126142
fixed,2881,38,4.566895004902395,0.1457956526620532,,0.0026087331016692,0.0007456097230283,0.510013146065893,0.606,0.002,False,True,0.4986570395858735,0.8906589097111701,0.4882653244750816,0.8701679428791128,0.0671456625802996,0.1131623406592627,-0.0113561064800194,0.3806457636452771,0.3920018701252966,1.6853261448411496,0.3997628083491461,0.3,0.002,False,True,0.4203928055920465,0.8429873461257362,0.419684623530858,0.8363383867289141,0.0425694482771042,0.1062461901809339,0.0206299972429004,0.4432245377765901,0.4225945405336896,2.495831975301297,1.4434761025908025,0.552,0.094,False,False,1.4292530033030424,1.4538893459091589,1.436580666367886,1.4529451993108788,0.1390285615905163,0.0088700218617505,-0.0142230992877601,0.0104132433183563,0.0246363426061164,0.0637999973550437,index_only,False,RIX/901,TE,Las Encinas Temuco,IX,4.566895004902395,,1.0,0.0118899620055744,0.5219591028436651
fixed,2910,9,5.407444812370237,0.227374660032974,,0.0022455781634938,9.770778451830192e-05,0.5586910960056705,0.892,0.002,False,True,0.4586535248914133,0.9765799137281314,0.4505174036672248,0.9325107274956316,0.0863495757855234,0.087913390338647,-0.1000375711142571,0.4178888177224609,0.517926388836718,1.0181102748785569,0.4613692919386977,0.918,0.002,False,True,0.3838822583965942,0.9301389674904106,0.3812611906023269,0.9123106716666328,0.0620660930721963,0.0881347722945535,-0.0774870335421035,0.4687696755517128,0.5462567090938164,1.420014825035502,1.4945176278927383,0.916,0.114,False,False,1.280855748507005,1.5017563413207091,1.2820689550917108,1.5003347168866916,0.1557673093938102,0.0055718849407408,-0.2136618793857334,0.007238713427971,0.2209005928137044,0.0357705667667021,index_only,True,RIX/902,PLCII,Padre Las Casas II,IX,5.407444812370239,0.5586910960056705,1.0,0.0118899620055744,0.0179482372896507
fixed,2917,2,3.9885772098078616,0.0785058243727598,,0.0023268248626984,0.0029568397377787,0.4828797993389682,0.3,0.002,False,True,0.5101311653116531,1.0,0.4985185034213036,0.9823996147622718,0.0586965759054893,0.0421301734336065,0.0272513659726849,0.5171202006610318,0.4898688346883468,0.7177620292781985,0.3747972393952378,0.144,0.002,False,True,0.4106345888448594,1.0,0.410472779414088,0.985114214883147,0.0360089165946496,0.0352911240199609,0.0358373494496216,0.6252027606047622,0.5893654111551405,0.9800662546232674,1.8136125277698565,0.868,0.28,False,False,1.6256980824369982,1.8197754260104744,1.6239424644665053,1.819086795660717,0.1710926407271004,0.0140665586668888,-0.1879144453328582,0.0061628982406178,0.1940773435734761,0.0822160357517976,index_only,True,RIX/905,TEII,Nielol Temuco,IX,3.98857720980786,0.4828797993389682,1.0,0.0118899620055744,-0.3316172004164968
fixed,2859,60,3.883605521548356,0.0666222758244647,,0.0012746833998318,0.0077185672309714,0.4008397414728499,0.022,0.002,True,True,0.617598177335564,0.8842303866076635,0.6097761785010727,0.8724886454883068,0.0802914068596017,0.1136196647320096,0.216758435862714,0.4833906451348135,0.2666322092720995,1.415091218051324,0.4111319091908899,0.032,0.002,True,True,0.4946927152668189,0.8393794877290751,0.4947372400782579,0.8345019172445478,0.0481131699990097,0.1119020019749308,0.0835608060759289,0.4282475785381852,0.3446867724622562,2.325808130647633,1.5503216109366262,0.186,0.018,False,True,1.694034913118562,1.590470874587636,1.698167069002224,1.590493462058273,0.1720259870026386,0.020078393463398,0.1437133021819359,0.0401492636510096,-0.1035640385309262,0.1167172112379156,both,False,RM/D12,LF,La Florida,RM,3.883135290933782,,1.0,0.0118899620055744,0.3471939940713578
fixed,2884,35,3.647388375728591,0.0717434622824333,,0.0012066736493223,0.0059544665188701,0.4972623195619711,0.15,0.002,False,True,0.5772237709724208,0.934996330369182,0.570178763313742,0.9038656150392652,0.0737763142308784,0.1026049419355206,0.0799614514104496,0.4377340108072108,0.3577725593967611,1.390757223441975,0.3948409748915175,0.048,0.002,True,True,0.4826422539111172,0.8711586598973285,0.4827127426455197,0.8676170297838283,0.0550387550752234,0.0994221138042681,0.0878012790195997,0.476317685005811,0.3885164059862113,1.8064019374781035,1.5251714676273838,0.176,0.04,False,True,1.6913504544243965,1.559508186011855,1.6912209389559774,1.5590198901020729,0.1875446501622176,0.0197247754841565,0.1661789867970127,0.0343367183844711,-0.1318422684125415,0.1051737571138147,index_only,True,RM/D14,SA,Parque O'Higgins,RM,3.6469705215521393,0.4972623195619711,1.0,0.0118899620055744,0.3298483638781485
fixed,2867,52,3.555698535260742,0.1253803113216025,,0.0015680742021339,0.0048888180233763,0.4992368140951604,0.262,0.002,False,True,0.527445604061691,1.0,0.5276085716142069,0.9690244112142874,0.0555362491898699,0.0632351837572048,0.0282087899665305,0.5007631859048396,0.4725543959383089,1.1386289978102806,0.4020006203473945,0.022,0.002,True,True,0.5053032071331871,1.0,0.5055715707416804,0.9619247113027222,0.0529833256653519,0.0655120303612386,0.1033025867857925,0.5979993796526055,0.4946967928668129,1.2364650489291291,1.833549520989327,0.804,0.26,False,False,1.691005699646305,1.8445803636712104,1.6962871476385577,1.8434000577893308,0.1561218686781118,0.0151076529894229,-0.1425438213430221,0.0110308426818834,0.1535746640249056,0.0967683330806876,index_only,False,RM/D15,PU,Pudahuel,RM,3.555237056152642,,1.0,0.0118899620055744,0.1298249051626588
fixed,2892,27,3.94238989428387,0.1537303064703976,,0.0013086793520224,0.0026630967920773,0.488196706876816,0.408,0.002,False,True,0.500268309993249,0.990744215134459,0.4870423653263667,0.9380123129287709,0.0704195223580262,0.0897464763820303,0.0120716031164329,0.5025475082576429,0.49047590514121,1.274454488994414,0.3567200683077903,0.056,0.002,False,True,0.4547492320606603,0.9685325743200506,0.454921621289748,0.9317411398529348,0.0592527500732319,0.0859220468084114,0.09802916375287,0.6118125060122603,0.5137833422593903,1.4500938218431532,1.830218839005811,0.964,0.282,False,False,1.5402279939596126,1.836521122563304,1.5426982529808209,1.8355645333274528,0.1569423865067691,0.0130022005382935,-0.2899908450461983,0.0063022835574928,0.2962931286036911,0.0828469658687946,index_only,True,RM/D18,CN,Cerro Navia,RM,3.942164611306127,0.488196706876816,1.0,0.0118899620055744,0.2425182352866188
fixed,2889,30,3.491969263002222,0.0875318691906401,,0.0011215558463285,0.0067082658409732,0.5104303030573812,0.256,0.002,False,True,0.547101326367923,0.977060711441256,0.542506492320996,0.9309520831988416,0.0651463423975464,0.0920369230174064,0.0366710233105417,0.4666304083838748,0.4299593850733331,1.4127719167372832,0.3873271889400921,0.038,0.002,True,True,0.4678880162235551,0.9431628790828804,0.4664322760613867,0.9185414787136962,0.0431937028079924,0.0898819527511134,0.0805608272834629,0.5558356901427881,0.4752748628593252,2.080904088048684,1.642932113503376,0.396,0.1,False,False,1.6916101861190274,1.66817389904779,1.6903955223899574,1.6671722026533418,0.1626682546362033,0.0196609326501357,0.0486780726156512,0.0252417855444138,-0.0234362870712374,0.1208652093434333,index_only,True,RM/D30,QU,Quilicura,RM,3.4919692630022205,0.5104303030573812,1.0,0.0118899620055744,0.3455536729359076
fixed,2904,15,3.55253997936404,0.1094676470136081,,0.0016680243534073,0.0036682712991075,0.5287124722949829,0.522,0.002,False,True,0.5264673220088019,0.9994086771158044,0.5207938648396178,0.947633726107749,0.0627951280412696,0.0806397625385643,-0.0022451502861809,0.4706962048208215,0.4729413551070025,1.284172276638496,0.3766191949547736,0.012,0.002,True,True,0.4711225274673098,0.9468945125115994,0.4739074111208608,0.923138116682507,0.0507695875628196,0.0855459260814735,0.0945033325125362,0.5702753175568258,0.4757719850442895,1.6849836720777336,1.518195559415047,0.49,0.042,False,True,1.5227015212045611,1.5420753624699353,1.5221806455985254,1.5419390695280266,0.1739937390348935,0.0144444702539447,0.0045059617895142,0.0238798030548883,0.0193738412653741,0.0830171840323974,index_only,True,RVI/609,RGAI,Rancagua I,VI,3.55253997936404,0.5287124722949829,1.0,0.0118899620055744,0.2501143681043684
fixed,2902,17,3.3975485931008214,0.0990479457952238,,0.0014915716612673,0.0030223458314933,0.5013178417233662,0.306,0.002,False,True,0.5258820299272411,1.0,0.525905130832493,0.9462985987559268,0.0603856192258655,0.0813666937872397,0.0245641882038748,0.4986821582766337,0.4741179700727589,1.3474515096532431,0.3951836184568417,0.022,0.002,True,True,0.4806268711313907,0.9932662091964344,0.4814775985940345,0.942493188864481,0.0459702269490385,0.0801207620911175,0.085443252674549,0.5980825907395926,0.5126393380650436,1.7428837621344733,1.7543605191978875,0.774,0.176,False,False,1.6273562279172773,1.766096602310432,1.6294649182707073,1.7653855887143832,0.158875862977974,0.0132477918907245,-0.1270042912806104,0.0117360831125443,0.1387403743931548,0.0833845471703972,index_only,False,RVI/611,RNG,Rengo,VI,3.3975485931008214,,1.0,0.0118899620055744,0.2982150377384917
fixed,2911,8,3.4822297303581218,0.1331523512586772,,0.0013468420242088,0.0019502883964496,0.4783612533634233,0.596,0.002,False,True,0.4647228065295621,0.9731316504716394,0.4511787619737707,0.9379510880836028,0.0727439494742981,0.0812058256661103,-0.0136384468338612,0.4947703971082161,0.5084088439420773,1.1163241239025778,0.3698438484235652,0.136,0.002,False,True,0.4199717538237097,0.9204124801692226,0.4195061405622395,0.9089422307550008,0.0504044721179627,0.0858653029417566,0.0501279054001444,0.5505686317456573,0.5004407263455128,1.703525487595672,1.5831881635082237,0.754,0.11,False,False,1.4735031086242214,1.5976423399900668,1.4611407034508253,1.5966174636006374,0.1802104437825007,0.0118652597798105,-0.1096850548840022,0.0144541764818431,0.1241392313658453,0.0658411329042111,index_only,True,RVI/615,RGAII,Rancagua II,VI,3.4822297303581218,0.4783612533634233,1.0,0.0118899620055744,0.1100412553959047
fixed,2918,1,4.124046105090353,0.1282518785870706,,0.0019335394744101,0.0052197800198121,0.5961229350005645,0.83,0.002,False,True,0.5450629902976275,0.9932757728882344,0.5405205587696345,0.945129417452793,0.0601228463413457,0.0810267010302574,-0.0510599447029369,0.3971528378876701,0.448212782590607,1.3476857128524702,0.4088805902922798,0.038,0.002,True,True,0.4948509950226285,0.9617661004201888,0.4960638082458815,0.931792244845309,0.0515142966869568,0.0797310555645329,0.0859704047303486,0.5528855101279089,0.4669151053975602,1.5477461732427942,1.7446060335385594,0.886,0.116,False,False,1.5899554726065777,1.764701684753724,1.5940207024719557,1.7638446449471887,0.13442170484741,0.0191892406011057,-0.1546505609319817,0.0200956512151646,0.1747462121471463,0.1427540338287515,index_only,True,RVII/709,CRCI,Curicó,VII,4.124046105090353,0.5961229350005645,1.0,0.0118899620055744,0.2983888346033495
fixed,2918,1,3.8650088626101353,0.045786517940602,,0.0025930818852177,0.0097270255976852,0.6042078164184735,0.14,0.002,False,True,0.6780999994432723,1.0,0.6784904354405922,0.9851562330038718,0.0782936323125162,0.0423846615850218,0.0738921830247987,0.3957921835815264,0.3219000005567277,0.5413551566472107,0.4839403772406254,0.144,0.002,False,True,0.5461167200196996,1.0,0.5483499201661411,0.9808177001266656,0.0609373118223991,0.0455270253659769,0.0621763427790741,0.5160596227593746,0.4538832799803004,0.747112466967103,1.965912987283076,0.84,0.392,False,False,1.8128593829713724,1.9697793327116624,1.8068268749937104,1.9685818885973327,0.162367910997306,0.0212479318735605,-0.1530536043117034,0.0038663454285865,0.15691994974029,0.1308628764332192,index_only,True,RVII/711,TALIII,Universidad de Talca,VII,3.8650088626101353,0.6042078164184735,1.0,0.0118899620055744,-0.6136797337377431
fixed,2909,10,4.000882886816627,0.0791901168868095,,0.0015846224784385,0.0050317911168223,0.6032989021686226,0.598,0.004,False,True,0.5899841554326086,1.0,0.5876015608863098,0.9704082562530558,0.0628383935664322,0.0619901876149009,-0.0133147467360139,0.3967010978313774,0.4100158445673914,0.9865017881045042,0.423273424711893,0.092,0.002,False,True,0.4738838571267917,1.0,0.4746499156800778,0.9631946306058348,0.0413216345272983,0.0621815309195222,0.0506104324148987,0.576726575288107,0.5261161428732082,1.5048177941373968,1.7163218825365096,0.37,0.1,False,False,1.7659618774084471,1.7348943886026666,1.7646837689325128,1.7354347576240357,0.1605157713547198,0.0157924277683835,0.0496399948719377,0.018572506066157,-0.0310674888057806,0.098385520843831,index_only,True,RVIII/802,THNI,Consultorio - San Vicente,VIII,4.000882886816626,0.6032989021686226,1.0,0.0184954964531158,-0.013590140946853
fixed,2918,1,4.284718554034862,0.1551686337658642,,0.0022402063874023,0.002358144355147,0.6194007458528012,0.944,0.004,False,True,0.5413192776191956,0.9813310168717284,0.536944906573208,0.9325843105917864,0.0577808053928791,0.0909205503985976,-0.0780814682336056,0.3619302710189271,0.4400117392525328,1.573542455498571,0.5009441623372176,0.644,0.004,False,True,0.4812724278738614,0.9312313803376364,0.4800910851384914,0.9130189729838156,0.0475873977737639,0.0893593267739538,-0.0196717344633562,0.4302872180004189,0.4499589524637751,1.8777939318887904,1.480802043892684,0.332,0.058,False,False,1.532180551515609,1.4983124151373517,1.5346435456836591,1.49870598673024,0.124068616520209,0.0114492735666697,0.0513785076229251,0.0175103712446678,-0.0338681363782573,0.0922817863839458,index_only,True,RVIII/804,HPNIII,JUNJI,VIII,4.284718554034862,0.6194007458528012,1.0,0.0184954964531158,0.4533294187271693
fixed,2913,6,4.055869457445086,0.118332897199226,,0.002553988110405,0.0019588911282178,0.5118489318882591,0.36,0.002,False,True,0.5286921836619568,1.0,0.5222276978610916,0.9696357880747078,0.0664739419322149,0.0587694372516983,0.0168432517736977,0.4881510681117409,0.4713078163380432,0.8840973702390943,0.4486910402006549,0.498,0.002,False,True,0.4497167759462711,0.9795023041474654,0.4446803969629312,0.9487606548652464,0.0487666761163303,0.0647478181586484,0.0010257357456161,0.5308112639468106,0.5297855282011943,1.3277061984744378,1.6649760525590362,0.728,0.138,False,False,1.5640691971183875,1.6765044942376843,1.5759702248392828,1.67616089750936,0.1606012633073241,0.0108547760606121,-0.1009068554406487,0.011528441678648,0.1124352971192967,0.0675883603719887,index_only,True,RVIII/806,THNV,Inpesca,VIII,4.055869457445088,0.5118489318882591,1.0,0.0118899620055744,-0.123188075080973
fixed,2915,4,4.429356194740297,0.0526617252954331,,0.003075425795131,0.0031547866644023,0.5160346655940322,0.28,0.004,False,True,0.5568458244309406,0.897591229308631,0.5533023668577789,0.880202335286222,0.0855133307237368,0.1078490246612384,0.0408111588369083,0.3815565637145988,0.3407454048776904,1.2611954621398032,0.3933578331291684,0.144,0.002,False,True,0.4532183291255047,0.8384284038124629,0.455868298678261,0.8294546117624809,0.0640714401328271,0.1076995085708739,0.0598604959963363,0.4450705706832945,0.3852100746869581,1.6809284815137502,1.817652194651304,0.98,0.116,False,False,1.4168325464401963,1.83280089954282,1.4193879650193189,1.8314898960754693,0.206626083142402,0.0145359976083539,-0.400819648211107,0.0151487048915168,0.4159683531026239,0.0703492869210321,index_only,True,RVIII/810,CHLI,INIA. Chillán,VIII,4.429356194740295,0.5160346655940322,1.0,0.0184954964531158,0.2320600506326629
fixed,2917,2,4.466895008970984,0.0886975846100168,,0.0022627300184684,0.0010685385881534,0.4553941867607141,0.044,0.002,True,True,0.5847184145835652,0.9311664610132924,0.5792608185565867,0.9102275794484578,0.0658567987541245,0.0911459874419276,0.1293242278228511,0.4757722742525783,0.3464480464297271,1.3840027023211143,0.3203756154123975,0.002,0.002,True,True,0.4936330292485658,0.8597228532485234,0.4931268250458979,0.86105076174742,0.0454745753448725,0.1003375335137302,0.1732574138361682,0.5393472378361258,0.3660898239999576,2.206453446849868,1.579535660191217,0.292,0.122,False,False,1.6624206417485847,1.590462646979883,1.6690713835231317,1.589689310111603,0.1534129070410149,0.0103462348100974,0.0828849815573677,0.0109269867886661,-0.0719579947687016,0.0674404455899615,both,True,RVIII/832,CNH,Balneario Curanilahue,VIII,4.466895008970985,0.4553941867607141,1.0,0.0118899620055744,0.3249798097377294
fixed,2897,22,4.296592620779174,0.0760842044144848,,0.0014054306166902,0.0026862084916265,0.5350990369827524,0.636,0.004,False,True,0.5085670787352151,0.8237122913992297,0.5001985733567252,0.8213066385808887,0.0835092497596615,0.110755326100945,-0.0265319582475372,0.2886132544164773,0.3151452126640146,1.326264173366376,0.462030748915299,0.598,0.004,False,True,0.444446258325715,0.7618736090391058,0.445178868700765,0.764130154591157,0.0622997270967032,0.1049977040609747,-0.0175844905895839,0.2998428601238068,0.3174273507133908,1.6853637881590215,1.7242436003790171,0.972,0.19,False,False,1.339149326713823,1.7368270170790314,1.3437845470596026,1.7353611758240857,0.1896192163850904,0.0148571791719355,-0.3850942736651941,0.0125834167000142,0.3976776903652084,0.078352708418342,index_only,False,RVIII/837,THNVI,Nueva Libertad,VIII,4.296592620779175,,1.0,0.0184954964531158,0.2823660976873509
fixed,2895,24,4.548027716450594,0.0716475353333076,,0.0034312148248436,0.0034363186180848,0.6042367419010632,0.394,0.002,False,True,0.6186387273892959,0.9334706151087232,0.6249547745495506,0.9129998094809958,0.0828436479393685,0.087353413348944,0.0144019854882326,0.3292338732076598,0.3148318877194271,1.0544370693680103,0.4159371311635489,0.004,0.002,True,True,0.5620806763184679,0.8816484025312549,0.5651819301779695,0.8737024634245872,0.0622986789426044,0.0962087510148181,0.1461435451549189,0.4657112713677059,0.3195677262127869,1.5443144645724107,1.5509946208990133,0.074,0.058,False,False,1.7651144675546275,1.57482515344558,1.764346622467419,1.5745282657439026,0.1477077760824537,0.0146719499099382,0.2141198466556142,0.0238305325465666,-0.1902893141090476,0.0993309242009569,index_only,False,RVIII/841,HQI,Hualqui,VIII,4.548027716450594,,1.0,0.0118899620055744,0.0530070409842437
fixed,2909,10,4.851325882558054,0.0359025908157622,,0.0032732981181211,0.0094346903494323,0.6956586008547833,0.158,0.018,False,True,0.791057757011719,0.9312889159027784,0.7927491635695044,0.9112066540665912,0.0971054093443812,0.0904815560069558,0.0953991561569357,0.235630315047995,0.1402311588910593,0.931786978890794,0.4553466509988249,0.036,0.002,True,True,0.5616130887235897,0.9111912056226348,0.566229938289155,0.8986671346982607,0.0630154167128619,0.0926434266782473,0.1062664377247648,0.4558445546238097,0.3495781168990449,1.470170817093662,1.5671520197965758,0.024,0.028,True,True,1.8655204806758805,1.6119447968604232,1.8633397780820533,1.6109122362929618,0.1393597389875536,0.0213022227206994,0.2983684608793044,0.0447927770638474,-0.253575683815457,0.1528577972049865,index_only,True,RVIII/854,CHYI,Punteras,VIII,4.851325882558054,0.6956586008547833,1.0,0.0749067606351192,-0.0706510538430404
fixed,2918,1,4.85063896161343,0.1631722821862476,,0.0051861524624656,0.0007273403061192,0.6509408312847643,0.624,0.004,False,True,0.6327116212338594,1.0,0.6292985823099507,0.968531793961457,0.0707951984481524,0.0610076779197742,-0.0182292100509049,0.3490591687152357,0.3672883787661406,0.8617488086349943,0.5332275691873788,0.604,0.002,False,True,0.5191184228522303,1.0,0.521434946390423,0.9552251326636516,0.0563992923894609,0.0656191073213095,-0.0141091463351484,0.4667724308126212,0.4808815771477697,1.1634739469456583,1.8283172834123265,0.692,0.194,False,False,1.7658844403355518,1.8348905694031856,1.7714050024133126,1.8329353289754609,0.1179112593687705,0.0097926933645434,-0.0624328430767746,0.0065732859908591,0.0690061290676338,0.083051384719049,index_only,True,RVIII/873,CHLII,Puren,VIII,4.850638961613428,0.6509408312847643,1.0,0.0184954964531158,-0.1487914560810477
fixed,2869,50,5.199355045521616,0.0367104637553946,,0.0068491272618856,0.0070644148866527,0.6908080721549814,0.444,0.028,False,True,0.7017203073972004,0.9643866832828912,0.7000581097416205,0.9292095495306432,0.0895387748691267,0.0880326964178608,0.0109122352422189,0.2735786111279098,0.2626663758856908,0.983179595058473,0.4695410233881427,0.108,0.002,False,True,0.542687630686778,0.9101789038103588,0.5448066208794446,0.8986259491998562,0.0621612304812848,0.0862370818002051,0.0731466072986353,0.4406378804222162,0.3674912731235809,1.3873129784032758,1.6987065709031937,0.26,0.064,False,False,1.804113791605196,1.7281967888425598,1.7971921719476998,1.7273809909025308,0.1539126380958941,0.0208947073199533,0.1054072207020022,0.0294902179393661,-0.0759170027626361,0.1357569305448125,index_only,False,RVIII/874,LAII,Los Ángeles Oriente,VIII,5.199355045521616,,1.0,0.1127628654722225,-0.0169634745477122
fixed,2916,3,5.209570264243777,0.147178165799577,,0.0080558396869901,0.0004834939805855,0.7009909495321368,0.766,0.004,False,True,0.6513752882958755,1.0,0.650336807237206,0.9742658521758945,0.0756541514990357,0.0540413445550425,-0.0496156612362612,0.2990090504678632,0.3486247117041244,0.7143209392247379,0.5060753997878276,0.108,0.002,False,True,0.5780232533149943,1.0,0.583090843447671,0.9621709368407604,0.0640193915549971,0.0592792231468839,0.0719478535271667,0.4939246002121724,0.4219767466850057,0.9259573030455638,1.867466161231892,0.83,0.406,False,False,1.7501144299380706,1.868994837769036,1.749945529496311,1.8676337125147136,0.1201362002188392,0.0088363090281865,-0.1173517312938208,0.0015286765371447,0.1188804078309655,0.0735524264300879,index_only,True,RVIII/875,LAI,21 de mayo,VIII,5.208727826735544,0.7009909495321368,1.0,0.0184954964531158,-0.3364229229225202
fixed,2913,6,5.672571500304316,0.2140819284039117,,0.0030354711722348,0.000211422254062,0.5804232935513486,0.564,0.002,False,True,0.5692252510760402,1.0,0.5635988451017768,0.9643732040807012,0.0834368808789047,0.070655011268668,-0.0111980424753084,0.4195767064486514,0.4307747489239598,0.8468079166479348,0.4466411214467148,0.434,0.002,False,True,0.4547982736282689,1.0,0.4542368580621953,0.9679404403339948,0.0481389568883198,0.0633735800918707,0.0081571521815541,0.5533588785532852,0.545201726371731,1.3164718180099586,1.845205995262302,0.982,0.398,False,False,1.5664228782373284,1.846185067234584,1.5638235638986429,1.8440351704712192,0.1331506616641918,0.0081357384655096,-0.2787831170249735,0.0009790719722815,0.279762188997255,0.0611017501815202,index_only,True,RX/A01,OS,Osorno,X,5.672571500304316,0.5804232935513486,1.0,0.0118899620055744,-0.1662813908658187
fixed,2919,0,5.244669591094443,0.1195779609541028,,0.0058051393810165,0.0008915370312702,0.6431228961200024,0.888,0.002,False,True,0.5574361793439998,1.0,0.548590163076047,0.9763844573379302,0.0838269530843189,0.0538370996322528,-0.0856867167760025,0.3568771038799976,0.4425638206560002,0.6422409219395004,0.6257428604462943,0.944,0.002,False,True,0.526316844986814,1.0,0.5266865533886316,0.979881269959528,0.0607117445720656,0.0470761590610003,-0.0994260154594803,0.3742571395537056,0.473683155013186,0.7754044854553556,2.0183462846165283,0.99,0.634,False,False,1.6272852082042295,2.0160570680820697,1.6315382020425928,2.013967794913211,0.1553503083685742,0.0105049897438903,-0.3910610764122986,-0.0022892165344585,0.38877185987784,0.0676212995919313,index_only,True,RX/A07,PMII,Mirasol,X,5.244669591094444,0.6431228961200024,1.0,0.0118899620055744,-0.4427917778689963
fixed,2908,11,4.658716094585288,0.1081607222380273,,0.0028538783394259,0.0018502157168365,0.622474235054045,0.796,0.002,False,True,0.5776297410551198,1.0,0.5711996029155939,0.9828169472106284,0.067515617762489,0.0454867105353668,-0.0448444939989252,0.377525764945955,0.4223702589448802,0.6737213113472844,0.4928848203041751,0.39,0.002,False,True,0.5052349046270439,1.0,0.5065670414037299,0.986440588587585,0.0495459948778092,0.0386429698184768,0.0123500843228687,0.5071151796958249,0.4947650953729561,0.7799413436702134,2.1256190989573054,0.994,0.698,False,False,1.772182265948311,2.120555697617276,1.7722669690091983,2.118107341899418,0.1317161016648736,0.0138510235052685,-0.3534368330089943,-0.0050634013400294,0.3483734316689648,0.1051581646449707,index_only,True,RX/A08,PMI,Alerce,X,4.658716094585288,0.6075246022359583,1.0,0.0118899620055744,-0.3949387382261248
fixed,2917,2,5.303878315012323,0.2396947941253606,,0.0035649926085764,0.0003272016074976,0.6735612019693282,0.726,0.018,False,True,0.6319816586256212,0.9998618985875296,0.6311777534395607,0.9441322505814236,0.0734047146998656,0.0822388397979651,-0.041579543343707,0.3263006966182012,0.3678802399619083,1.1203481974450695,0.4633720006356269,0.258,0.002,False,True,0.4911479780502725,0.9350462913205692,0.492625365616741,0.9144359789106914,0.044348485968323,0.0871810578835193,0.0277759774146456,0.4716742906849424,0.4438983132702967,1.9658181329073663,1.7394159818748012,0.564,0.432,False,False,1.7189211537568163,1.7404296207349716,1.7228088032173654,1.7387645107487797,0.1166489695705899,0.0082595048492957,-0.0204948281179848,0.0010136388601704,0.0215084669781553,0.07080649644571,index_only,True,RXI/B03,COI,Coyhaique I,XI,5.303878315012322,0.6735612019693282,1.0,0.0749067606351192,0.1136395275664968
fixed,2919,0,5.320691503153492,0.2550403225806452,,0.0032843297114433,0.0005055492385958,0.6590349104399102,0.634,0.012,False,True,0.6400893399205744,1.0,0.6379338443819776,0.951863238476361,0.0758766356835649,0.0821103343994212,-0.0189455705193358,0.3409650895600897,0.3599106600794256,1.0821557078762971,0.4568144636939469,0.288,0.002,False,True,0.484864011898392,0.9742009725676528,0.4837375823484988,0.9381007018381842,0.0491726457941123,0.077111222345461,0.0280495482044451,0.517386508873706,0.4893369606692607,1.5681731397640664,1.7378239637334587,0.668,0.394,False,False,1.69033181179714,1.739398073438383,1.685267239228861,1.7380748587442636,0.1360881965079412,0.0087468194920404,-0.0474921519363187,0.0015741097049242,0.0490662616412429,0.0642731678167987,index_only,True,RXI/B04,COII,Coyhaique II,XI,5.320691503153492,0.6590349104399102,1.0,0.0535048290250851,0.0789550775348341
fixed,2842,77,4.222860157818283,0.0947987327494996,,0.001425012676629,0.0013666028900477,0.3684948263610613,0.124,0.002,False,True,0.4878421973611099,0.912199368656484,0.471858129438207,0.8925494004026766,0.0707125975252583,0.0993007372446596,0.1193473710000486,0.5437045422954228,0.424357171295374,1.4042863749869785,0.4008335114340671,0.638,0.002,False,True,0.3881720430107527,0.8513136312624097,0.3860359649547734,0.8500431582561123,0.0443412513497866,0.1006422233624364,-0.0126614684233143,0.4504801198283426,0.4631415882516569,2.26971996276146,1.7616138161559922,0.934,0.174,False,False,1.4788867863582749,1.7717292742395605,1.4825333472894489,1.770342216162592,0.1810525261354808,0.0112973866172147,-0.2827270297977173,0.0101154580835682,0.2928424878812856,0.0623983926562883,index_only,False,RXI/B05,VI,Vialidad,XI,4.222860157818284,,1.0,0.0118899620055744,0.3395292555928526
fixed,2892,27,4.833275114309974,0.1342710085862737,,0.0013390068863979,0.0012777112066708,0.5222566088153895,0.414,0.002,False,True,0.532805254054596,1.0,0.5245021158086278,0.9479509058581512,0.0623330565958547,0.0848956070715152,0.0105486452392065,0.4777433911846105,0.467194745945404,1.3619676574172608,0.4679558706321574,0.958,0.002,False,True,0.4084884150355657,0.994529499274994,0.4071277013742864,0.939498603333175,0.0358610714049725,0.0852390357138914,-0.0594674555965916,0.5265736286428365,0.5860410842394281,2.376923844558356,1.794760651358109,0.972,0.274,False,False,1.516626967785656,1.8004540312559214,1.514605554188656,1.7988679568037949,0.1371694639091447,0.0119071614979217,-0.2781336835724528,0.0056933798978124,0.2838270634702653,0.0868062115181001,index_only,False,RXIV/E04,LU,La Union,XIV,4.833275114309975,,1.0,0.0118899620055744,0.3089304610556942
