condition,condition_type,lambda_value,tau,statistic,phi,n,oracle_reject_rate,native_reject_rate,index_reject_rate,index_only_vs_native,native_only_vs_index,index_only_count,native_only_count,paired_exact_p,index_only_vs_oracle,oracle_only_vs_index,median_null_sd_oracle,median_null_sd_native,median_null_sd_index,median_sd_ratio_native_oracle,median_sd_ratio_index_oracle,median_wasserstein_native_oracle_scaled,median_wasserstein_index_oracle_scaled,median_index_spectral_error,median_native_spectral_error
mean_raw,mean_raw,,,ntv,0.2,100,0.03,0.04,0.05,0.05,0.04,5,4,1.0,0.05,0.03,0.040776673851059306,0.027600595709779602,0.018238954767828164,0.6801495906569621,0.44969986826783415,0.5624311227072144,0.7143171086655558,0.0001835815428912622,0.0002234658338465916
mean_raw,mean_raw,,,ferro_segers,0.2,100,0.08,0.05,0.05,0.01,0.01,1,1,1.0,0.02,0.05,0.08586993434307924,0.08132912952232324,0.08225786174244404,0.9481080555067627,0.9692554037200958,0.1452926478468403,0.14038167078030434,0.0001835815428912622,0.0002234658338465916
mean_cubic,mean_cubic,,,ntv,0.2,100,0.05,0.04,0.04,0.04,0.04,4,4,1.0,0.03,0.04,0.04051396473628417,0.027870489210335685,0.018231547865984986,0.6890450603665014,0.45338635199267685,0.5598155252033803,0.7140449501500477,0.00018661515282697487,0.0002234658338465916
mean_cubic,mean_cubic,,,ferro_segers,0.2,100,0.08,0.04,0.04,0.02,0.02,2,2,1.0,0.01,0.05,0.07301014106726555,0.07034747142248275,0.06704059134236644,0.946586041971369,0.9045034941278722,0.1286587951369988,0.14959678410688496,0.00018661515282697487,0.0002234658338465916
count_lam0_raw,hard_raw,0.0,0.0,ntv,0.2,100,0.02,0.05,0.01,0.01,0.05,1,5,0.21875,0.01,0.02,0.042892867651528485,0.037934656327796565,0.021705591773961995,0.8862730285117919,0.5080329324991828,0.32554535151864705,0.6471542394184078,0.01642343168380979,0.0002234658338465916
count_lam4_raw,hard_raw,4.0,0.0,ntv,0.2,100,0.04,0.04,0.03,0.02,0.03,2,3,1.0,0.02,0.03,0.043568770563020214,0.0409056256135977,0.024634208086801,0.9184031416829516,0.5630494649887768,0.2227666601401079,0.5862217944346173,0.027121973461194073,0.0002234658338465916
soft_lam0_tau2_cubic,soft,0.0,2.0,ntv,0.2,100,0.05,0.03,0.05,0.05,0.03,5,3,0.7265625,0.04,0.04,0.04051053078109698,0.027898132691278554,0.018451888367529798,0.6870024262026724,0.4526701801928738,0.557414416105867,0.714901274513043,0.00019148360241527424,0.0002234658338465916
soft_lam0_tau2_cubic,soft,0.0,2.0,ferro_segers,0.2,100,0.05,0.04,0.04,0.0,0.0,0,0,1.0,0.0,0.01,0.0733740411684159,0.06886440408432863,0.06910742690469454,0.9426476999364743,0.9241029628601085,0.14884168244434587,0.13388951928569928,0.00019148360241527424,0.0002234658338465916
soft_lam0_tau1_cubic,soft,0.0,1.0,ntv,0.2,100,0.04,0.05,0.05,0.03,0.03,3,3,1.0,0.03,0.02,0.04075982161123819,0.0284999777291148,0.01796807387224669,0.6990144495605383,0.44278782015840557,0.5325981346556083,0.7417503237339487,0.00018777838576349102,0.0002234658338465916
soft_lam0_tau1_cubic,soft,0.0,1.0,ferro_segers,0.2,100,0.04,0.05,0.04,0.0,0.01,0,1,1.0,0.01,0.01,0.07128231387496328,0.06671472851524149,0.06768254952987243,0.9098303696131107,0.940545029494144,0.15835345394505934,0.15307168736921523,0.00018777838576349102,0.0002234658338465916
soft_lam0_tau0.5_cubic,soft,0.0,0.5,ntv,0.2,100,0.04,0.06,0.03,0.01,0.04,1,4,0.375,0.03,0.04,0.04116287720311061,0.030571143512029927,0.018023955370975234,0.7421061881287461,0.4376954314981556,0.4929731131076708,0.7298011349389308,0.00018825589736875653,0.0002234658338465916
soft_lam0_tau0.5_cubic,soft,0.0,0.5,ferro_segers,0.2,100,0.02,0.05,0.04,0.01,0.02,1,2,1.0,0.03,0.01,0.07165275882588025,0.06426104829164611,0.06776908138472515,0.8897062011216378,0.9317428592156396,0.14669327852682207,0.13309413757781277,0.00018825589736875653,0.0002234658338465916
soft_lam0_tau0.25_cubic,soft,0.0,0.25,ntv,0.2,100,0.04,0.05,0.05,0.04,0.04,4,4,1.0,0.04,0.03,0.04125542770686635,0.03312031091858035,0.017797993918749193,0.8006815682534086,0.42912415535492904,0.43521430066528194,0.7056039153276998,0.00019574761402200614,0.0002234658338465916
soft_lam0_tau0.25_cubic,soft,0.0,0.25,ferro_segers,0.2,100,0.03,0.06,0.06,0.01,0.01,1,1,1.0,0.04,0.01,0.07079245787853052,0.06668579393837842,0.06820336561851248,0.9267561182643296,0.9342851278800943,0.12217640720597933,0.132909199320822,0.00019574761402200614,0.0002234658338465916
soft_lam0_tau0.1_cubic,soft,0.0,0.1,ntv,0.2,100,0.05,0.06,0.04,0.02,0.04,2,4,0.6875,0.03,0.04,0.04139205810226525,0.035313079448938196,0.017799864416854973,0.8481000209936786,0.43195818965128197,0.367665658187977,0.7019068153873822,0.00019924366075971204,0.0002234658338465916
soft_lam0_tau0.1_cubic,soft,0.0,0.1,ferro_segers,0.2,100,0.03,0.06,0.04,0.01,0.03,1,3,0.625,0.02,0.01,0.07020176068925948,0.0666815398045315,0.06607500005816241,0.9405675101159312,0.9538777318768793,0.12277080029062853,0.13423264934839696,0.00019924366075971204,0.0002234658338465916
count_lam0_cubic,hard,0.0,0.0,ntv,0.2,100,0.04,0.04,0.11,0.09,0.02,9,2,0.0654296875,0.09,0.02,0.042751755968362934,0.03788257261970293,0.01884605911391883,0.8875204545082775,0.4464655337545056,0.30490132844685386,0.7526452025572705,0.0025871354505938994,0.0002234658338465916
count_lam0_cubic,hard,0.0,0.0,ferro_segers,0.2,100,0.04,0.07,0.1,0.03,0.0,3,0,0.25,0.06,0.0,0.100056095771693,0.10024527126792258,0.06774980520821403,0.9916812879016511,0.668483669729938,0.11812255808334943,0.2846668138268387,0.0025871354505938994,0.0002234658338465916
soft_lam4_tau2_cubic,soft,4.0,2.0,ntv,0.2,100,0.03,0.05,0.05,0.04,0.04,4,4,1.0,0.05,0.03,0.04035232459925052,0.02815992254839656,0.018387797360750368,0.7007511463047531,0.45342795119771473,0.548061717755709,0.6918179915937004,0.0001866617544932846,0.0002234658338465916
soft_lam4_tau2_cubic,soft,4.0,2.0,ferro_segers,0.2,100,0.04,0.03,0.03,0.0,0.0,0,0,1.0,0.0,0.01,0.07073924987456932,0.06584010837678338,0.06750518948639284,0.9241805575503694,0.9652385611951388,0.14707320673404453,0.1449531367637622,0.0001866617544932846,0.0002234658338465916
soft_lam4_tau1_cubic,soft,4.0,1.0,ntv,0.2,100,0.07,0.04,0.06,0.04,0.02,4,2,0.6875,0.04,0.05,0.0403298132712349,0.030663861859874963,0.018194683300340554,0.7594321698561514,0.44864773827537857,0.48836404391930577,0.6513239279563421,0.00018692424478528556,0.0002234658338465916
soft_lam4_tau1_cubic,soft,4.0,1.0,ferro_segers,0.2,100,0.06,0.07,0.09,0.03,0.01,3,1,0.625,0.04,0.01,0.07113390936550555,0.06812137215346392,0.06842681115563531,0.95198357064245,0.9659272505349246,0.13120590711248112,0.12373340346629882,0.00018692424478528556,0.0002234658338465916
soft_lam4_tau0.5_cubic,soft,4.0,0.5,ntv,0.2,100,0.07,0.06,0.05,0.04,0.05,4,5,1.0,0.03,0.05,0.04045894622352281,0.03389936866413268,0.018179864114365004,0.8383368403876675,0.4502613232166617,0.3618942663423594,0.619196100574632,0.00018188838410502053,0.0002234658338465916
soft_lam4_tau0.5_cubic,soft,4.0,0.5,ferro_segers,0.2,100,0.03,0.04,0.03,0.0,0.01,0,1,1.0,0.0,0.0,0.07211548982518151,0.06613434172289621,0.064606757506009,0.9194615438680589,0.916592415033818,0.12043886541865739,0.1308446669944097,0.00018188838410502053,0.0002234658338465916
soft_lam4_tau0.25_cubic,soft,4.0,0.25,ntv,0.2,100,0.06,0.05,0.05,0.02,0.02,2,2,1.0,0.02,0.03,0.040359857662376736,0.036081795720841095,0.018094216748852886,0.8860144815482462,0.4456470880807926,0.2746364621434447,0.6219635214992538,0.00018807375776727777,0.0002234658338465916
soft_lam4_tau0.25_cubic,soft,4.0,0.25,ferro_segers,0.2,100,0.06,0.07,0.05,0.0,0.02,0,2,0.5,0.0,0.01,0.07348762016583707,0.07020424900612221,0.06848178162608858,0.9420137583568293,0.9424124640789976,0.09668889280326476,0.11730450594091654,0.00018807375776727777,0.0002234658338465916
soft_lam4_tau0.1_cubic,soft,4.0,0.1,ntv,0.2,100,0.04,0.06,0.05,0.03,0.04,3,4,1.0,0.04,0.03,0.04089109295316426,0.0376399516811588,0.018277564617492477,0.9173687758168827,0.4481748084001005,0.23770007131307733,0.6517878162729193,0.0002527472736273689,0.0002234658338465916
soft_lam4_tau0.1_cubic,soft,4.0,0.1,ferro_segers,0.2,100,0.09,0.07,0.07,0.02,0.02,2,2,1.0,0.0,0.02,0.07283457956491246,0.07162297261971107,0.06825219039267824,1.0096372488636822,0.9309266784363821,0.07885166158721353,0.11836374696044288,0.0002527472736273689,0.0002234658338465916
count_lam4_cubic,hard,4.0,0.0,ntv,0.2,100,0.04,0.04,0.13,0.1,0.01,10,1,0.01171875,0.11,0.02,0.04337768002884312,0.04076700443723512,0.020392893901455565,0.9252032580704078,0.4658762346815646,0.22281466161271263,0.7686477697088286,0.006199621833780507,0.0002234658338465916
count_lam4_cubic,hard,4.0,0.0,ferro_segers,0.2,100,0.08,0.06,0.15,0.09,0.0,9,0,0.00390625,0.07,0.0,0.11283364110351587,0.10658482403819818,0.06964345888711951,0.9524118541449114,0.6017402301097874,0.11206539075678429,0.36118079641066914,0.006199621833780507,0.0002234658338465916
mean_raw,mean_raw,,,ntv,0.5,100,0.06,0.04,0.02,0.01,0.03,1,3,0.625,0.02,0.06,0.04125819186062769,0.026033547792326618,0.017781906980861045,0.627413370909166,0.43348812087618316,0.552875253179409,0.641366107517247,0.00018587797555523684,0.00023057324560968635
mean_raw,mean_raw,,,ferro_segers,0.5,100,0.05,0.02,0.04,0.02,0.0,2,0,0.5,0.03,0.04,0.09253273605817858,0.087157642673345,0.08772954324504158,0.9163230452660575,0.9369609721698003,0.18802972399892975,0.18168216576021545,0.00018587797555523684,0.00023057324560968635
mean_cubic,mean_cubic,,,ntv,0.5,100,0.06,0.06,0.02,0.0,0.04,0,4,0.125,0.02,0.06,0.041149531504357066,0.02621316855175513,0.017941791792159326,0.6344507303386463,0.43992893472592187,0.5398629055372117,0.6842238884659062,0.0001858031423203055,0.00023057324560968635
mean_cubic,mean_cubic,,,ferro_segers,0.5,100,0.05,0.03,0.03,0.0,0.0,0,0,1.0,0.01,0.03,0.07906189409498074,0.07301220344131193,0.06957671455510184,0.927333650814349,0.8822373631950811,0.15687031321432424,0.1781209036643854,0.0001858031423203055,0.00023057324560968635
count_lam0_raw,hard_raw,0.0,0.0,ntv,0.5,100,0.05,0.03,0.05,0.05,0.03,5,3,0.7265625,0.05,0.05,0.04367955582136652,0.03616446821991516,0.0202948939440296,0.8231023423983619,0.46165642557027764,0.45464096318951197,0.6669683444414078,0.012903179215651097,0.00023057324560968635
count_lam4_raw,hard_raw,4.0,0.0,ntv,0.5,100,0.03,0.04,0.01,0.01,0.04,1,4,0.375,0.01,0.03,0.04349848175740145,0.03913947088744546,0.022965637432430616,0.8946198907848277,0.5297694934564932,0.3380861806354071,0.6071148198397468,0.0200475551794096,0.00023057324560968635
soft_lam0_tau2_cubic,soft,0.0,2.0,ntv,0.5,100,0.07,0.05,0.03,0.01,0.03,1,3,0.625,0.03,0.07,0.04137999084601492,0.026576593350143445,0.017912272152652415,0.6331122066734971,0.4357014900335315,0.5523143761371595,0.6719365862904532,0.00018529265582694114,0.00023057324560968635
soft_lam0_tau2_cubic,soft,0.0,2.0,ferro_segers,0.5,100,0.04,0.04,0.04,0.01,0.01,1,1,1.0,0.01,0.01,0.07738117089123062,0.07184294790024176,0.06965840136321017,0.9071200647399695,0.8876726049024461,0.1374597745784913,0.16463032262245436,0.00018529265582694114,0.00023057324560968635
soft_lam0_tau1_cubic,soft,0.0,1.0,ntv,0.5,100,0.07,0.04,0.03,0.02,0.03,2,3,1.0,0.03,0.07,0.04166234730815503,0.027231072051505052,0.017753496299005647,0.6524245949509493,0.428167573417164,0.5542829004663394,0.6859827351069218,0.00018600045335203302,0.00023057324560968635
soft_lam0_tau1_cubic,soft,0.0,1.0,ferro_segers,0.5,100,0.05,0.05,0.04,0.0,0.01,0,1,1.0,0.01,0.02,0.07594889810657175,0.06959745079424756,0.06845577616824258,0.9401988746163429,0.8668610290495949,0.1376317815480655,0.16755899332262658,0.00018600045335203302,0.00023057324560968635
soft_lam0_tau0.5_cubic,soft,0.0,0.5,ntv,0.5,100,0.07,0.04,0.05,0.04,0.03,4,3,1.0,0.05,0.07,0.04224665266012806,0.02931286311995377,0.0175723321540903,0.6915592240369841,0.41638225372314286,0.5353922566472438,0.7132456092383437,0.00019417726306215091,0.00023057324560968635
soft_lam0_tau0.5_cubic,soft,0.0,0.5,ferro_segers,0.5,100,0.03,0.04,0.04,0.01,0.01,1,1,1.0,0.01,0.0,0.07570272768332234,0.07288954994822534,0.06592757337645022,0.9519378712842228,0.9036900596471517,0.13409155101324716,0.15574040309626935,0.00019417726306215091,0.00023057324560968635
soft_lam0_tau0.25_cubic,soft,0.0,0.25,ntv,0.5,100,0.07,0.03,0.06,0.05,0.02,5,2,0.453125,0.05,0.06,0.04245678834504711,0.03161641681321465,0.01758076845642245,0.7379311876170085,0.4137873902287738,0.49583788594392497,0.6926328577677823,0.00020910481088562454,0.00023057324560968635
soft_lam0_tau0.25_cubic,soft,0.0,0.25,ferro_segers,0.5,100,0.07,0.06,0.09,0.03,0.0,3,0,0.25,0.03,0.01,0.07383051622717862,0.07215829503737531,0.068273523287225,0.9621882404101085,0.9197150780565575,0.13555491076009904,0.1676345272712675,0.00020910481088562454,0.00023057324560968635
soft_lam0_tau0.1_cubic,soft,0.0,0.1,ntv,0.5,100,0.05,0.02,0.08,0.08,0.02,8,2,0.109375,0.08,0.05,0.0425674423993276,0.03356559981532222,0.017352337244375328,0.7864800830506907,0.40674965674509655,0.45847343867194523,0.6952030598722765,0.00022660169432420213,0.00023057324560968635
soft_lam0_tau0.1_cubic,soft,0.0,0.1,ferro_segers,0.5,100,0.03,0.04,0.06,0.03,0.01,3,1,0.625,0.03,0.0,0.07374271875655558,0.06989751320577473,0.06785450008197394,0.9660300827160888,0.9050186297131722,0.1437565582475469,0.16494089379840277,0.00022660169432420213,0.00023057324560968635
count_lam0_cubic,hard,0.0,0.0,ntv,0.5,100,0.06,0.02,0.17,0.17,0.02,17,2,0.000728607177734375,0.16,0.05,0.04361643552368348,0.03606462787135235,0.017817838130721846,0.8222255134812451,0.40900154383882814,0.41826873558706146,0.7406517224099256,0.0009332986633553099,0.00023057324560968635
count_lam0_cubic,hard,0.0,0.0,ferro_segers,0.5,100,0.08,0.07,0.13,0.07,0.01,7,1,0.0703125,0.05,0.0,0.08819794508726606,0.08458180435727748,0.06739735100001008,0.9580111862342096,0.7638588626219928,0.11985052888063133,0.21589943204183065,0.0009332986633553099,0.00023057324560968635
soft_lam4_tau2_cubic,soft,4.0,2.0,ntv,0.5,100,0.07,0.07,0.02,0.01,0.06,1,6,0.125,0.01,0.06,0.04127496707709461,0.026884681958394697,0.018022361259309373,0.6557284783701094,0.4373959886487517,0.5568302227927391,0.6559110386552849,0.00018879902367929655,0.00023057324560968635
soft_lam4_tau2_cubic,soft,4.0,2.0,ferro_segers,0.5,100,0.03,0.04,0.05,0.01,0.0,1,0,1.0,0.03,0.01,0.077127077635788,0.06830172052773838,0.06682679077501917,0.9173481338057741,0.8871806864885261,0.14084230265788855,0.16007859853515782,0.00018879902367929655,0.00023057324560968635
soft_lam4_tau1_cubic,soft,4.0,1.0,ntv,0.5,100,0.07,0.05,0.03,0.02,0.04,2,4,0.6875,0.02,0.06,0.041211840545096835,0.02966360887909398,0.017944438997585403,0.7164984162542243,0.436055727901575,0.5091508465140562,0.6892253740603002,0.0001915101262367662,0.00023057324560968635
soft_lam4_tau1_cubic,soft,4.0,1.0,ferro_segers,0.5,100,0.04,0.04,0.03,0.01,0.02,1,2,1.0,0.01,0.02,0.07605659030523375,0.06862563938708685,0.06528396159892946,0.9083077374529245,0.8415877705300732,0.1309071263437937,0.15904654123027623,0.0001915101262367662,0.00023057324560968635
soft_lam4_tau0.5_cubic,soft,4.0,0.5,ntv,0.5,100,0.06,0.05,0.02,0.0,0.03,0,3,0.25,0.01,0.05,0.04115448754240838,0.032898699297754255,0.017894141786897987,0.7964546159123136,0.4279364531299007,0.4785630526531239,0.6313139780685163,0.00018697039754445862,0.00023057324560968635
soft_lam4_tau0.5_cubic,soft,4.0,0.5,ferro_segers,0.5,100,0.06,0.06,0.08,0.02,0.0,2,0,0.5,0.03,0.01,0.0732168402131447,0.06891912619628537,0.0648745595626312,0.9744676266746124,0.8706242048406447,0.12631612377471646,0.14415196537907088,0.00018697039754445862,0.00023057324560968635
soft_lam4_tau0.25_cubic,soft,4.0,0.25,ntv,0.5,100,0.07,0.04,0.01,0.01,0.04,1,4,0.375,0.01,0.07,0.04116241116234411,0.03519355779263175,0.01769877601922114,0.8496124731787852,0.4318322383395591,0.4046785663364018,0.6822447358331172,0.00018611959886576682,0.00023057324560968635
soft_lam4_tau0.25_cubic,soft,4.0,0.25,ferro_segers,0.5,100,0.02,0.01,0.02,0.01,0.0,1,0,1.0,0.01,0.01,0.07308634808608624,0.07042064364702494,0.06373089090605759,0.9553925077877805,0.8964429569987344,0.11356112312533986,0.16227792640121183,0.00018611959886576682,0.00023057324560968635
soft_lam4_tau0.1_cubic,soft,4.0,0.1,ntv,0.5,100,0.04,0.03,0.04,0.04,0.03,4,3,1.0,0.04,0.04,0.0414379194456164,0.03635238634269837,0.017810525460683253,0.8799038359626625,0.4282023833802121,0.3637317182357668,0.673546072208269,0.0002404530341284865,0.00023057324560968635
soft_lam4_tau0.1_cubic,soft,4.0,0.1,ferro_segers,0.5,100,0.04,0.04,0.05,0.01,0.0,1,0,1.0,0.01,0.0,0.07767469686258856,0.07422711348900804,0.06188787542970779,0.9615348018521286,0.8283311894750777,0.11200813202603446,0.1695678259049342,0.0002404530341284865,0.00023057324560968635
count_lam4_cubic,hard,4.0,0.0,ntv,0.5,100,0.03,0.04,0.15,0.15,0.04,15,4,0.0192108154296875,0.14,0.02,0.04330201519813819,0.03880763630055824,0.019133793898675328,0.898837753296788,0.4474994949266575,0.33009717038467057,0.7653878177596932,0.00285233230455086,0.00023057324560968635
count_lam4_cubic,hard,4.0,0.0,ferro_segers,0.5,100,0.03,0.03,0.28,0.25,0.0,25,0,5.960464477539063e-08,0.25,0.0,0.15464149383480125,0.15259920128179752,0.06423823868812634,0.9910764631122095,0.41176210577868,0.1314580652222428,0.6613076633889581,0.00285233230455086,0.00023057324560968635
mean_raw,mean_raw,,,ntv,0.8,100,0.05,0.06,0.07,0.05,0.04,5,4,1.0,0.06,0.04,0.04136750607059282,0.022041136948266177,0.016301466065478602,0.5298163529954306,0.3959220854476546,0.5704091270229323,0.7271690616496012,0.00018476589252953182,0.00024663750165454957
mean_raw,mean_raw,,,ferro_segers,0.8,100,0.03,0.04,0.05,0.01,0.0,1,0,1.0,0.02,0.0,0.11834077939686746,0.11435240641818159,0.11291342487643938,0.9422903921796608,0.9501516852632148,0.19853867282195609,0.19936036834957718,0.00018476589252953182,0.00024663750165454957
mean_cubic,mean_cubic,,,ntv,0.8,100,0.05,0.03,0.04,0.03,0.02,3,2,1.0,0.03,0.04,0.04138825068453972,0.02249591243406012,0.016578212841816087,0.5419110605075458,0.3977921781856066,0.6004581426904467,0.6994260138739623,0.0001880789117457856,0.00024663750165454957
mean_cubic,mean_cubic,,,ferro_segers,0.8,100,0.06,0.05,0.04,0.01,0.02,1,2,1.0,0.0,0.02,0.10190913828083323,0.09844388176859163,0.0962368684930022,0.9719193104943353,0.9320593298800482,0.17582435078678949,0.16849708346659,0.0001880789117457856,0.00024663750165454957
count_lam0_raw,hard_raw,0.0,0.0,ntv,0.8,100,0.09,0.04,0.05,0.04,0.03,4,3,1.0,0.02,0.06,0.048120444382244346,0.03342358252709811,0.017118205665737456,0.6879578211477986,0.35793028198477406,0.4862367022650168,0.8213255409287619,0.01073618162006309,0.00024663750165454957
count_lam4_raw,hard_raw,4.0,0.0,ntv,0.8,100,0.04,0.04,0.04,0.03,0.03,3,3,1.0,0.03,0.03,0.045955452263043,0.035887195216897934,0.0212397718426066,0.7817504714539819,0.4669698211104749,0.38978280219864,0.6523134163375143,0.01613016817499429,0.00024663750165454957
soft_lam0_tau2_cubic,soft,0.0,2.0,ntv,0.8,100,0.04,0.03,0.03,0.02,0.02,2,2,1.0,0.02,0.03,0.041724126680262895,0.022723885436155833,0.016383755845042335,0.5472909161235033,0.3899078680078911,0.6026090043486332,0.7033785745785273,0.000189827029394348,0.00024663750165454957
soft_lam0_tau2_cubic,soft,0.0,2.0,ferro_segers,0.8,100,0.05,0.05,0.05,0.01,0.01,1,1,1.0,0.01,0.01,0.10016078601168246,0.099018093224925,0.09624405561416938,0.9968946877446592,0.9608429247632251,0.1798207519922403,0.1766907247587061,0.000189827029394348,0.00024663750165454957
soft_lam0_tau1_cubic,soft,0.0,1.0,ntv,0.8,100,0.03,0.02,0.02,0.02,0.02,2,2,1.0,0.02,0.03,0.042692984198892704,0.023864288153843175,0.016186789357787657,0.5613204716555357,0.37889371804178723,0.5897731912900026,0.729571766856483,0.0001948506952243842,0.00024663750165454957
soft_lam0_tau1_cubic,soft,0.0,1.0,ferro_segers,0.8,100,0.07,0.06,0.06,0.02,0.02,2,2,1.0,0.01,0.02,0.0993534659813769,0.097814393456551,0.09477609467443726,0.977627878355605,0.9811249787540226,0.1886097691863708,0.18512590610118418,0.0001948506952243842,0.00024663750165454957
soft_lam0_tau0.5_cubic,soft,0.0,0.5,ntv,0.8,100,0.03,0.01,0.04,0.04,0.01,4,1,0.375,0.04,0.03,0.044074411003930114,0.026240069304382302,0.015934881620277588,0.5999530202112202,0.36063412908974507,0.5646340640166444,0.7456061274490919,0.0002346779884451672,0.00024663750165454957
soft_lam0_tau0.5_cubic,soft,0.0,0.5,ferro_segers,0.8,100,0.08,0.08,0.05,0.0,0.03,0,3,0.25,0.0,0.03,0.09977131208373852,0.09674497350387139,0.09343152906493059,0.9708169814340954,0.9450304255790583,0.17865982798597568,0.18745636280201122,0.0002346779884451672,0.00024663750165454957
soft_lam0_tau0.25_cubic,soft,0.0,0.25,ntv,0.8,100,0.06,0.03,0.02,0.02,0.03,2,3,1.0,0.02,0.06,0.04582647939938521,0.02926887414662352,0.015883641493048318,0.640458992070037,0.34566233658061984,0.5027693790404327,0.804522909446854,0.0003329254266063917,0.00024663750165454957
soft_lam0_tau0.25_cubic,soft,0.0,0.25,ferro_segers,0.8,100,0.05,0.05,0.05,0.01,0.01,1,1,1.0,0.01,0.01,0.0978285366987732,0.09568968987883592,0.09029089855857361,0.9793389217068844,0.9357119867350595,0.17089708491362526,0.18453774682093013,0.0003329254266063917,0.00024663750165454957
soft_lam0_tau0.1_cubic,soft,0.0,0.1,ntv,0.8,100,0.08,0.03,0.1,0.08,0.01,8,1,0.0390625,0.06,0.04,0.04705490940113405,0.03178754819589351,0.015712193322945406,0.6772548756145942,0.3326836947505868,0.504797733693745,0.8631962953100925,0.0004372279614334012,0.00024663750165454957
soft_lam0_tau0.1_cubic,soft,0.0,0.1,ferro_segers,0.8,100,0.07,0.05,0.06,0.01,0.0,1,0,1.0,0.0,0.01,0.09805961428065424,0.0945240370375817,0.0890767491368018,0.9646344266964684,0.9120812434439516,0.1693944013963436,0.178444282384365,0.0004372279614334012,0.00024663750165454957
count_lam0_cubic,hard,0.0,0.0,ntv,0.8,100,0.08,0.05,0.18,0.15,0.02,15,2,0.002349853515625,0.13,0.03,0.04779837055557033,0.03348663356249818,0.01597393669419899,0.6935693365579927,0.3337535042065498,0.4811477772300291,0.8919585859638475,0.0008768791758811379,0.00024663750165454957
count_lam0_cubic,hard,0.0,0.0,ferro_segers,0.8,100,0.11,0.09,0.1,0.02,0.01,2,1,1.0,0.01,0.02,0.10039813138300074,0.09830667797185703,0.08705573485561685,0.9632618931609744,0.8764179872781297,0.1836190905338247,0.18815865255762326,0.0008768791758811379,0.00024663750165454957
soft_lam4_tau2_cubic,soft,4.0,2.0,ntv,0.8,100,0.02,0.04,0.05,0.04,0.03,4,3,1.0,0.04,0.01,0.04187743688711147,0.023509505091052478,0.016555267138482748,0.5603366796154163,0.3959704773422946,0.5798722072108395,0.7404697631500063,0.00018752560370938735,0.00024663750165454957
soft_lam4_tau2_cubic,soft,4.0,2.0,ferro_segers,0.8,100,0.06,0.06,0.08,0.02,0.0,2,0,0.5,0.02,0.0,0.10002457166919532,0.09748103750078763,0.0922439300202541,0.9709509070192051,0.935073006173169,0.167011971468495,0.18265522277256788,0.00018752560370938735,0.00024663750165454957
soft_lam4_tau1_cubic,soft,4.0,1.0,ntv,0.8,100,0.01,0.07,0.03,0.03,0.07,3,7,0.34375,0.03,0.01,0.04281044603455734,0.026024516358036584,0.01683754990831835,0.6088185060624423,0.3929659400281455,0.5389498697282431,0.7116434965188725,0.0001875645538894044,0.00024663750165454957
soft_lam4_tau1_cubic,soft,4.0,1.0,ferro_segers,0.8,100,0.08,0.06,0.1,0.04,0.0,4,0,0.125,0.02,0.0,0.09801110598782196,0.09483115416834731,0.0900297853016439,0.978128613519254,0.893520447481833,0.18982922019968756,0.19523235883216908,0.0001875645538894044,0.00024663750165454957
soft_lam4_tau0.5_cubic,soft,4.0,0.5,ntv,0.8,100,0.0,0.07,0.03,0.02,0.06,2,6,0.2890625,0.03,0.0,0.0437348662534861,0.029313221323221866,0.016829834092337282,0.6694004226479618,0.38290024985401694,0.5022971512827727,0.7323571932079624,0.00018723539599455933,0.00024663750165454957
soft_lam4_tau0.5_cubic,soft,4.0,0.5,ferro_segers,0.8,100,0.08,0.05,0.1,0.05,0.0,5,0,0.0625,0.02,0.0,0.09675890106538548,0.0925966452030909,0.08462777768803526,0.9614007977279313,0.8875823211320619,0.17065680033197517,0.1493415102595287,0.00018723539599455933,0.00024663750165454957
soft_lam4_tau0.25_cubic,soft,4.0,0.25,ntv,0.8,100,0.02,0.05,0.03,0.02,0.04,2,4,0.6875,0.03,0.02,0.044282315800728604,0.03174168285613555,0.01653663412578097,0.7174593341850741,0.3749809292846976,0.4641025628535047,0.7180285228634878,0.00020227866828728382,0.00024663750165454957
soft_lam4_tau0.25_cubic,soft,4.0,0.25,ferro_segers,0.8,100,0.05,0.05,0.08,0.04,0.01,4,1,0.375,0.03,0.0,0.09407904364434042,0.09115549338965123,0.07913052803007677,0.953859468179554,0.8518206433639017,0.16343488440833592,0.16756996749220676,0.00020227866828728382,0.00024663750165454957
soft_lam4_tau0.1_cubic,soft,4.0,0.1,ntv,0.8,100,0.02,0.06,0.04,0.02,0.04,2,4,0.6875,0.03,0.01,0.044783541151447726,0.03352901198691174,0.016607141857401767,0.7510403435646156,0.3713587947253416,0.4204672806452776,0.7409454548310578,0.00024469486440762366,0.00024663750165454957
soft_lam4_tau0.1_cubic,soft,4.0,0.1,ferro_segers,0.8,100,0.06,0.07,0.09,0.03,0.01,3,1,0.625,0.04,0.01,0.0975953349727656,0.09713224639598156,0.07996882435513106,0.9777202616809582,0.8196334518363653,0.15195894571588603,0.19930177469809465,0.00024469486440762366,0.00024663750165454957
count_lam4_cubic,hard,4.0,0.0,ntv,0.8,100,0.04,0.03,0.2,0.18,0.01,18,1,7.62939453125e-05,0.17,0.01,0.04579656347054327,0.03582548609217234,0.017368504955999425,0.7871312796671707,0.3792850985141407,0.40455608993249104,0.6949514754327663,0.0012140833421135644,0.00024663750165454957
count_lam4_cubic,hard,4.0,0.0,ferro_segers,0.8,100,0.05,0.02,0.27,0.25,0.0,25,0,5.960464477539063e-08,0.22,0.0,0.13466754293315897,0.13069474376913015,0.08257924963135671,0.9789057667985177,0.5946877990609519,0.19126589370846453,0.5240172314463676,0.0012140833421135644,0.00024663750165454957
mean_raw,mean_raw,,,ntv,pooled,300,0.04666666666666667,0.04666666666666667,0.04666666666666667,0.03666666666666667,0.03666666666666667,11,11,1.0,0.043333333333333335,0.043333333333333335,0.04107291518394755,0.025701046971568837,0.01762750831614506,0.6217310308918012,0.42674933196577813,0.5664276133487613,0.6884069586362579,0.00018472454456521555,0.00023176472248336748
mean_raw,mean_raw,,,ferro_segers,pooled,300,0.05333333333333334,0.03666666666666667,0.04666666666666667,0.013333333333333334,0.0033333333333333335,4,1,0.375,0.023333333333333334,0.03,0.09445438941561235,0.09281237309831494,0.09440219503386776,0.938693930551325,0.9512658270578664,0.1691530952017799,0.17894755848163538,0.00018472454456521555,0.00023176472248336748
mean_cubic,mean_cubic,,,ntv,pooled,300,0.05333333333333334,0.043333333333333335,0.03333333333333333,0.023333333333333334,0.03333333333333333,7,10,0.629058837890625,0.02666666666666667,0.04666666666666667,0.04102185324687696,0.025915512956310532,0.017655564302092405,0.6259835090731843,0.42925301561721846,0.581934264742122,0.698460343434856,0.0001866393555734047,0.00023176472248336748
mean_cubic,mean_cubic,,,ferro_segers,pooled,300,0.06333333333333334,0.04,0.03666666666666667,0.01,0.013333333333333334,3,4,1.0,0.006666666666666667,0.03333333333333333,0.08115491511146947,0.07771069657607975,0.07701395617037328,0.9494765187685001,0.9127932141761315,0.15279720360912138,0.16513685365947522,0.0001866393555734047,0.00023176472248336748
count_lam0_raw,hard_raw,0.0,0.0,ntv,pooled,300,0.05333333333333334,0.04,0.03666666666666667,0.03333333333333333,0.03666666666666667,10,11,1.0,0.02666666666666667,0.043333333333333335,0.04447593275135827,0.03600571950415628,0.020102963916542094,0.8102027384749688,0.4556072316482883,0.40153722296278294,0.691645779185108,0.013087359772008856,0.00023176472248336748
count_lam4_raw,hard_raw,4.0,0.0,ntv,pooled,300,0.03666666666666667,0.04,0.02666666666666667,0.02,0.03333333333333333,6,10,0.454498291015625,0.02,0.03,0.04416479096523965,0.038643862105956765,0.022826231123750287,0.8805259103224261,0.5222066236560585,0.3177965212023753,0.6071148198397468,0.0200475551794096,0.00023176472248336748
soft_lam0_tau2_cubic,soft,0.0,2.0,ntv,pooled,300,0.05333333333333334,0.03666666666666667,0.03666666666666667,0.02666666666666667,0.02666666666666667,8,8,1.0,0.03,0.04666666666666667,0.041245966948860416,0.026073568933583806,0.017595997151496703,0.6269701342351531,0.42770726167693074,0.5715147073636232,0.6977346965093629,0.00018845694867018444,0.00023176472248336748
soft_lam0_tau2_cubic,soft,0.0,2.0,ferro_segers,pooled,300,0.04666666666666667,0.043333333333333335,0.043333333333333335,0.006666666666666667,0.006666666666666667,2,2,1.0,0.006666666666666667,0.01,0.08055391051809203,0.07845325584909521,0.07685226856628746,0.9531939216321974,0.9241029628601085,0.1585615317609247,0.16166548235496142,0.00018845694867018444,0.00023176472248336748
soft_lam0_tau1_cubic,soft,0.0,1.0,ntv,pooled,300,0.04666666666666667,0.03666666666666667,0.03333333333333333,0.023333333333333334,0.02666666666666667,7,8,1.0,0.02666666666666667,0.04,0.04165834496851671,0.026807411314912453,0.017400750969885918,0.6428177193960853,0.4178942087684355,0.5574605069430644,0.7207876305231624,0.0001877146042165519,0.00023176472248336748
soft_lam0_tau1_cubic,soft,0.0,1.0,ferro_segers,pooled,300,0.05333333333333334,0.05333333333333334,0.04666666666666667,0.006666666666666667,0.013333333333333334,2,4,0.6875,0.01,0.016666666666666666,0.07864168010888545,0.07875388667511174,0.07681918388942482,0.9534166825779737,0.9359512943731596,0.16023321704310617,0.16818406668461322,0.0001877146042165519,0.00023176472248336748
soft_lam0_tau0.5_cubic,soft,0.0,0.5,ntv,pooled,300,0.04666666666666667,0.03666666666666667,0.04,0.03,0.02666666666666667,9,8,1.0,0.04,0.04666666666666667,0.04232672634081225,0.02885908765992417,0.017138980876364743,0.6852760900394255,0.4090032079429565,0.5294575491630293,0.7292038066387683,0.00020270249461883441,0.00023176472248336748
soft_lam0_tau0.5_cubic,soft,0.0,0.5,ferro_segers,pooled,300,0.043333333333333335,0.056666666666666664,0.043333333333333335,0.006666666666666667,0.02,2,6,0.2890625,0.013333333333333334,0.013333333333333334,0.07810438796377508,0.07787990235990776,0.07475216584092549,0.9436817135308018,0.924007959587068,0.15708845403207683,0.1536099578440514,0.00020270249461883441,0.00023176472248336748
soft_lam0_tau0.25_cubic,soft,0.0,0.25,ntv,pooled,300,0.056666666666666664,0.03666666666666667,0.043333333333333335,0.03666666666666667,0.03,11,9,0.8238029479980469,0.03666666666666667,0.05,0.042891641984759324,0.03152484960445415,0.017187636157074748,0.734165329374667,0.40585246442787304,0.48594252013932393,0.7182537726666804,0.00021497308404403717,0.00023176472248336748
soft_lam0_tau0.25_cubic,soft,0.0,0.25,ferro_segers,pooled,300,0.05,0.056666666666666664,0.06666666666666667,0.016666666666666666,0.006666666666666667,5,2,0.453125,0.02666666666666667,0.01,0.0781703387818245,0.07712726802056954,0.07348569618779188,0.9623990584633919,0.9255906061865788,0.1477462253110013,0.16158174593610708,0.00021497308404403717,0.00023176472248336748
soft_lam0_tau0.1_cubic,soft,0.0,0.1,ntv,pooled,300,0.06,0.03666666666666667,0.07333333333333333,0.06,0.023333333333333334,18,7,0.043285250663757324,0.056666666666666664,0.043333333333333335,0.04316725038744005,0.0336179065039747,0.017167873134214404,0.7785940974922365,0.3963272162232732,0.45070842799668487,0.7326918324773024,0.00023364058100956757,0.00023176472248336748
soft_lam0_tau0.1_cubic,soft,0.0,0.1,ferro_segers,pooled,300,0.043333333333333335,0.05,0.05333333333333334,0.016666666666666666,0.013333333333333334,5,4,1.0,0.016666666666666666,0.006666666666666667,0.07768075883330738,0.07629536202449294,0.07184030621212792,0.9545004501456253,0.920660773830511,0.1420207212785542,0.15677125672943537,0.00023364058100956757,0.00023176472248336748
count_lam0_cubic,hard,0.0,0.0,ntv,pooled,300,0.06,0.03666666666666667,0.15333333333333332,0.13666666666666666,0.02,41,6,1.7716986633331544e-07,0.12666666666666668,0.03333333333333333,0.0443216196095229,0.03600814178680283,0.01762235222584892,0.8107028241206707,0.4006200221511778,0.40939201400798564,0.8011522293466704,0.0011332553184195805,0.00023176472248336748
count_lam0_cubic,hard,0.0,0.0,ferro_segers,pooled,300,0.07666666666666666,0.07666666666666666,0.11,0.04,0.006666666666666667,12,2,0.012939453125,0.04,0.006666666666666667,0.09679413511745769,0.09310171778066961,0.0726273737516609,0.9737205440416956,0.7645147249621768,0.1299696810582966,0.235235389847885,0.0011332553184195805,0.00023176472248336748
soft_lam4_tau2_cubic,soft,4.0,2.0,ntv,pooled,300,0.04,0.05333333333333334,0.04,0.03,0.043333333333333335,9,13,0.5234670639038086,0.03333333333333333,0.03333333333333333,0.04124962542870794,0.026490010469921027,0.017694989049908516,0.6443261391318136,0.4308403933420415,0.5672929471530339,0.6861010802697436,0.0001877380496174008,0.00023176472248336748
soft_lam4_tau2_cubic,soft,4.0,2.0,ferro_segers,pooled,300,0.043333333333333335,0.043333333333333335,0.05333333333333334,0.01,0.0,3,0,0.25,0.016666666666666666,0.006666666666666667,0.0791267448062416,0.07809937910188305,0.07615551740547069,0.9514061287858353,0.9212275751710985,0.15151342406298685,0.15745180320537902,0.0001877380496174008,0.00023176472248336748
soft_lam4_tau1_cubic,soft,4.0,1.0,ntv,pooled,300,0.05,0.05333333333333334,0.04,0.03,0.043333333333333335,9,13,0.5234670639038086,0.03,0.04,0.04147069058334681,0.029083097971782587,0.017657454351798916,0.7017274115721182,0.4268934078813719,0.5170386325621483,0.6866968126579291,0.00018825720730604765,0.00023176472248336748
soft_lam4_tau1_cubic,soft,4.0,1.0,ferro_segers,pooled,300,0.06,0.056666666666666664,0.07333333333333333,0.02666666666666667,0.01,8,3,0.2265625,0.023333333333333334,0.01,0.07895147112219332,0.07562184408973038,0.07351035136139306,0.9488051494998873,0.9024100757022566,0.14322538066717613,0.1636315468309284,0.00018825720730604765,0.00023176472248336748
soft_lam4_tau0.5_cubic,soft,4.0,0.5,ntv,pooled,300,0.043333333333333335,0.06,0.03333333333333333,0.02,0.04666666666666667,6,14,0.11531829833984375,0.023333333333333334,0.03333333333333333,0.041685720921698394,0.03244706466112281,0.01773604497677904,0.7855653565092331,0.422282210311145,0.44676394696208277,0.6746466350868285,0.00018497944159428273,0.00023176472248336748
soft_lam4_tau0.5_cubic,soft,4.0,0.5,ferro_segers,pooled,300,0.056666666666666664,0.05,0.07,0.023333333333333334,0.0033333333333333335,7,1,0.0703125,0.016666666666666666,0.0033333333333333335,0.07698547754190907,0.0746629594112074,0.07101957957334522,0.9494185048697645,0.9005250723304963,0.13500698484164877,0.1434384732523532,0.00018497944159428273,0.00023176472248336748
soft_lam4_tau0.25_cubic,soft,4.0,0.25,ntv,pooled,300,0.05,0.04666666666666667,0.03,0.016666666666666666,0.03333333333333333,5,10,0.30175781249999994,0.02,0.04,0.041797086241095266,0.03451755193624145,0.017592257687583483,0.8332702304536158,0.4207639879777222,0.3937775009383365,0.6803408565304783,0.00019293029549747275,0.00023176472248336748
soft_lam4_tau0.25_cubic,soft,4.0,0.25,ferro_segers,pooled,300,0.043333333333333335,0.043333333333333335,0.05,0.016666666666666666,0.01,5,3,0.7265625,0.013333333333333334,0.006666666666666667,0.0791285137701929,0.07470636780654435,0.07138216526824667,0.9496048708829448,0.8991703591567884,0.1174236309485767,0.14296193314345468,0.00019293029549747275,0.00023176472248336748
soft_lam4_tau0.1_cubic,soft,4.0,0.1,ntv,pooled,300,0.03333333333333333,0.05,0.043333333333333335,0.03,0.03666666666666667,9,11,0.8238029479980469,0.03666666666666667,0.02666666666666667,0.042037207988074005,0.03580756483234722,0.017568050590510684,0.8578377198612284,0.418709516951173,0.3586910284047128,0.6853597002696441,0.000245668585351804,0.00023176472248336748
soft_lam4_tau0.1_cubic,soft,4.0,0.1,ferro_segers,pooled,300,0.06333333333333334,0.06,0.07,0.02,0.01,6,3,0.5078125,0.016666666666666666,0.01,0.0802622722614238,0.07909457817556267,0.071588025282325,0.981468890504989,0.8700714269444951,0.11149602552321214,0.15110498578795278,0.000245668585351804,0.00023176472248336748
count_lam4_cubic,hard,4.0,0.0,ntv,pooled,300,0.03666666666666667,0.03666666666666667,0.16,0.14333333333333334,0.02,43,6,5.7277652842913085e-08,0.14,0.016666666666666666,0.044036906526188746,0.038527868272977314,0.01894450897056916,0.8808674790894899,0.43669317380430617,0.31677597234528887,0.725688559837049,0.0027926471282627673,0.00023176472248336748
count_lam4_cubic,hard,4.0,0.0,ferro_segers,pooled,300,0.05333333333333334,0.03666666666666667,0.23333333333333334,0.19666666666666666,0.0,59,0,3.469446951953614e-18,0.18,0.0,0.13475892715247978,0.13263242783520116,0.07190097393219366,0.9769132856875212,0.5441604098132597,0.1414014194674599,0.5114936330549982,0.0027926471282627673,0.00023176472248336748
