family,phi,lambda,observable,block_years,n,annual_rejection_rate,native_rejection_rate,mechanistic_misattribution_rate,native_only_rate,median_null_gap,annual_valid_fraction,native_valid_fraction,annual_spectral_error_median,native_spectral_error_median,exact_total,exact_group
gaussian,0.2,0.0,count,50,300,0.12666666666666668,0.04666666666666667,0.08,0.0,0.0,1.0,1.0,0.0020262747071119,0.00492879957883045,1.0,1.0
gaussian,0.2,0.0,count,252,300,0.12666666666666668,0.04,0.08666666666666667,0.0,0.0,1.0,1.0,0.0020262747071119,0.0002228128641374,1.0,1.0
gaussian,0.2,0.0,maxrun,50,300,0.21666666666666667,0.043333333333333335,0.17333333333333334,0.0,0.017829565161522648,1.0,1.0,0.0150994131419546,0.00492879957883045,1.0,1.0
gaussian,0.2,0.0,maxrun,252,300,0.21666666666666667,0.04666666666666667,0.17,0.0,0.0170456776609634,1.0,1.0,0.0150994131419546,0.0002228128641374,1.0,1.0
gaussian,0.2,0.5,count,50,300,0.13,0.043333333333333335,0.08666666666666667,0.0,0.0,1.0,1.0,0.00216235938531055,0.0049505268006965,1.0,1.0
gaussian,0.2,0.5,count,252,300,0.13,0.04666666666666667,0.08333333333333333,0.0,0.0,1.0,1.0,0.00216235938531055,0.0002234607252763,1.0,1.0
gaussian,0.2,0.5,maxrun,50,300,0.15666666666666668,0.06,0.09666666666666666,0.0,0.0,1.0,1.0,0.0132681508489352,0.0049505268006965,1.0,1.0
gaussian,0.2,0.5,maxrun,252,300,0.15666666666666668,0.056666666666666664,0.1,0.0,0.0,1.0,1.0,0.0132681508489352,0.0002234607252763,1.0,1.0
gaussian,0.2,1.0,count,50,300,0.17,0.05333333333333334,0.11666666666666667,0.0,0.0,1.0,1.0,0.0027392238487687,0.00493036416483025,1.0,1.0
gaussian,0.2,1.0,count,252,300,0.17,0.05333333333333334,0.11666666666666667,0.0,0.0,1.0,1.0,0.0027392238487687,0.0002235994360859,1.0,1.0
gaussian,0.2,1.0,maxrun,50,300,0.07333333333333333,0.05,0.03,0.006666666666666667,0.0,1.0,1.0,0.0109165378234303,0.00493036416483025,1.0,1.0
gaussian,0.2,1.0,maxrun,252,300,0.07333333333333333,0.04666666666666667,0.03,0.0033333333333333335,0.0,1.0,1.0,0.0109165378234303,0.0002235994360859,1.0,1.0
gaussian,0.2,2.0,count,50,300,0.23333333333333334,0.04666666666666667,0.18666666666666668,0.0,0.01159604284604275,1.0,1.0,0.00333698481629385,0.0049628568642283,1.0,1.0
gaussian,0.2,2.0,count,252,300,0.23333333333333334,0.05333333333333334,0.18,0.0,0.00937967918001195,1.0,1.0,0.00333698481629385,0.0002240407750298,1.0,1.0
gaussian,0.2,2.0,maxrun,50,300,0.15333333333333332,0.043333333333333335,0.11,0.0,0.0,1.0,1.0,0.00650670471026075,0.0049628568642283,1.0,1.0
gaussian,0.2,2.0,maxrun,252,300,0.15333333333333332,0.043333333333333335,0.11,0.0,0.0,1.0,1.0,0.00650670471026075,0.0002240407750298,1.0,1.0
gaussian,0.2,4.0,count,50,300,0.14666666666666667,0.043333333333333335,0.10333333333333333,0.0,0.0,1.0,1.0,0.0067305607650778,0.0049441016960003505,1.0,1.0
gaussian,0.2,4.0,count,252,300,0.14666666666666667,0.05333333333333334,0.09333333333333334,0.0,0.0,1.0,1.0,0.0067305607650778,0.0002229660106773,1.0,1.0
gaussian,0.2,4.0,maxrun,50,300,0.17333333333333334,0.02666666666666667,0.14666666666666667,0.0,0.00733418282176625,1.0,1.0,0.00603132642845505,0.0049441016960003505,1.0,1.0
gaussian,0.2,4.0,maxrun,252,300,0.17333333333333334,0.02666666666666667,0.14666666666666667,0.0,0.013843203930597,1.0,1.0,0.00603132642845505,0.0002229660106773,1.0,1.0
gaussian,0.5,0.0,count,50,300,0.08333333333333333,0.06,0.02666666666666667,0.0033333333333333335,0.0,1.0,1.0,0.00103792617439635,0.00512599835110645,1.0,1.0
gaussian,0.5,0.0,count,252,300,0.08333333333333333,0.043333333333333335,0.04,0.0,0.0,1.0,1.0,0.00103792617439635,0.00023008217963750002,1.0,1.0
gaussian,0.5,0.0,maxrun,50,300,0.07666666666666666,0.03,0.04666666666666667,0.0,0.0,1.0,1.0,0.00424686936206185,0.00512599835110645,1.0,1.0
gaussian,0.5,0.0,maxrun,252,300,0.07666666666666666,0.023333333333333334,0.056666666666666664,0.0033333333333333335,0.0,1.0,1.0,0.00424686936206185,0.00023008217963750002,1.0,1.0
gaussian,0.5,0.5,count,50,300,0.07333333333333333,0.05,0.02666666666666667,0.0033333333333333335,0.0,1.0,1.0,0.0010589690353447999,0.0051507722264988,1.0,1.0
gaussian,0.5,0.5,count,252,300,0.07333333333333333,0.04666666666666667,0.02666666666666667,0.0,0.0,1.0,1.0,0.0010589690353447999,0.00023017907179094998,1.0,1.0
gaussian,0.5,0.5,maxrun,50,300,0.08666666666666667,0.06333333333333334,0.03,0.006666666666666667,0.0,1.0,1.0,0.00364666584087125,0.0051507722264988,1.0,1.0
gaussian,0.5,0.5,maxrun,252,300,0.08666666666666667,0.06666666666666667,0.02,0.0,0.0,1.0,1.0,0.00364666584087125,0.00023017907179094998,1.0,1.0
gaussian,0.5,1.0,count,50,300,0.08666666666666667,0.04666666666666667,0.04666666666666667,0.006666666666666667,0.0,1.0,1.0,0.00131278106162185,0.0051206968283122,1.0,1.0
gaussian,0.5,1.0,count,252,300,0.08666666666666667,0.04,0.04666666666666667,0.0,0.0,1.0,1.0,0.00131278106162185,0.0002300135143296,1.0,1.0
gaussian,0.5,1.0,maxrun,50,300,0.09333333333333334,0.07333333333333333,0.02666666666666667,0.006666666666666667,0.0,1.0,1.0,0.0033990872462924,0.0051206968283122,1.0,1.0
gaussian,0.5,1.0,maxrun,252,300,0.09333333333333334,0.06666666666666667,0.02666666666666667,0.0,0.0,1.0,1.0,0.0033990872462924,0.0002300135143296,1.0,1.0
gaussian,0.5,2.0,count,50,300,0.09333333333333334,0.05,0.043333333333333335,0.0,0.0,1.0,1.0,0.00158357870943695,0.005133837119410799,1.0,1.0
gaussian,0.5,2.0,count,252,300,0.09333333333333334,0.05333333333333334,0.043333333333333335,0.0033333333333333335,0.0,1.0,1.0,0.00158357870943695,0.0002303593715282,1.0,1.0
gaussian,0.5,2.0,maxrun,50,300,0.10666666666666667,0.043333333333333335,0.06333333333333334,0.0,0.0,1.0,1.0,0.00261280447013805,0.005133837119410799,1.0,1.0
gaussian,0.5,2.0,maxrun,252,300,0.10666666666666667,0.05,0.056666666666666664,0.0,0.0,1.0,1.0,0.00261280447013805,0.0002303593715282,1.0,1.0
gaussian,0.5,4.0,count,50,300,0.30666666666666664,0.056666666666666664,0.25,0.0,0.0620588696004717,1.0,1.0,0.0032254214817556,0.0051077217472432004,1.0,1.0
gaussian,0.5,4.0,count,252,300,0.30666666666666664,0.06,0.24666666666666667,0.0,0.07100023028326136,1.0,1.0,0.0032254214817556,0.00023037824885395,1.0,1.0
gaussian,0.5,4.0,maxrun,50,300,0.25333333333333335,0.03666666666666667,0.21666666666666667,0.0,0.0005798806324532,1.0,1.0,0.00322780384073995,0.0051077217472432004,1.0,1.0
gaussian,0.5,4.0,maxrun,252,300,0.25333333333333335,0.05,0.20333333333333334,0.0,0.01332865706714425,1.0,1.0,0.00322780384073995,0.00023037824885395,1.0,1.0
gaussian,0.8,0.0,count,50,300,0.056666666666666664,0.056666666666666664,0.006666666666666667,0.006666666666666667,0.0,1.0,1.0,0.0008266007247086499,0.005698182049242001,1.0,1.0
gaussian,0.8,0.0,count,252,300,0.056666666666666664,0.043333333333333335,0.016666666666666666,0.0033333333333333335,0.0,1.0,1.0,0.0008266007247086499,0.00024852497491035,1.0,1.0
gaussian,0.8,0.0,maxrun,50,300,0.06333333333333334,0.06333333333333334,0.013333333333333334,0.013333333333333334,0.0,1.0,1.0,0.00144191827282445,0.005698182049242001,1.0,1.0
gaussian,0.8,0.0,maxrun,252,300,0.06333333333333334,0.05,0.02,0.006666666666666667,0.0,1.0,1.0,0.00144191827282445,0.00024852497491035,1.0,1.0
gaussian,0.8,0.5,count,50,300,0.07,0.043333333333333335,0.02666666666666667,0.0,0.0,1.0,1.0,0.00087200393130385,0.0056678224277430505,1.0,1.0
gaussian,0.8,0.5,count,252,300,0.07,0.05,0.02666666666666667,0.006666666666666667,0.0,1.0,1.0,0.00087200393130385,0.00024722074746865,1.0,1.0
gaussian,0.8,0.5,maxrun,50,300,0.09,0.06333333333333334,0.04,0.013333333333333334,0.0,1.0,1.0,0.00135071521049695,0.0056678224277430505,1.0,1.0
gaussian,0.8,0.5,maxrun,252,300,0.09,0.04,0.056666666666666664,0.006666666666666667,0.0,1.0,1.0,0.00135071521049695,0.00024722074746865,1.0,1.0
gaussian,0.8,1.0,count,50,300,0.06666666666666667,0.06,0.02,0.013333333333333334,0.0,1.0,1.0,0.0007516661568905999,0.005729275009784551,1.0,1.0
gaussian,0.8,1.0,count,252,300,0.06666666666666667,0.04,0.03,0.0033333333333333335,0.0,1.0,1.0,0.0007516661568905999,0.00024799031823685,1.0,1.0
gaussian,0.8,1.0,maxrun,50,300,0.09,0.06333333333333334,0.03666666666666667,0.01,0.0,1.0,1.0,0.00100203916952135,0.005729275009784551,1.0,1.0
gaussian,0.8,1.0,maxrun,252,300,0.09,0.05,0.043333333333333335,0.0033333333333333335,0.0,1.0,1.0,0.00100203916952135,0.00024799031823685,1.0,1.0
gaussian,0.8,2.0,count,50,300,0.12333333333333334,0.06,0.06666666666666667,0.0033333333333333335,0.0,1.0,1.0,0.00076494488815645,0.005713544915491749,1.0,1.0
gaussian,0.8,2.0,count,252,300,0.12333333333333334,0.056666666666666664,0.06666666666666667,0.0,0.0,1.0,1.0,0.00076494488815645,0.0002485702163173,1.0,1.0
gaussian,0.8,2.0,maxrun,50,300,0.10333333333333333,0.07333333333333333,0.03333333333333333,0.0033333333333333335,0.0,1.0,1.0,0.00092450434131795,0.005713544915491749,1.0,1.0
gaussian,0.8,2.0,maxrun,252,300,0.10333333333333333,0.06666666666666667,0.03666666666666667,0.0,0.0,1.0,1.0,0.00092450434131795,0.0002485702163173,1.0,1.0
gaussian,0.8,4.0,count,50,300,0.23666666666666666,0.04,0.2,0.0033333333333333335,0.04652871039126455,1.0,1.0,0.0015868657327201001,0.0056785135588064,1.0,1.0
gaussian,0.8,4.0,count,252,300,0.23666666666666666,0.04666666666666667,0.19,0.0,0.06172913536182105,1.0,1.0,0.0015868657327201001,0.00024823801175945,1.0,1.0
gaussian,0.8,4.0,maxrun,50,300,0.21333333333333335,0.03666666666666667,0.17666666666666667,0.0,0.05663107062900345,1.0,1.0,0.0016158628247768501,0.0056785135588064,1.0,1.0
gaussian,0.8,4.0,maxrun,252,300,0.21333333333333335,0.04,0.17333333333333334,0.0,0.0621756079321389,1.0,1.0,0.0016158628247768501,0.00024823801175945,1.0,1.0
periodic,0.2,0.0,count,50,300,0.11666666666666667,0.06,0.056666666666666664,0.0,0.0,1.0,1.0,0.0022471962004282,0.0049392581621187,1.0,1.0
periodic,0.2,0.0,count,252,300,0.11666666666666667,0.056666666666666664,0.06,0.0,0.0,1.0,1.0,0.0022471962004282,0.00022418624186865,1.0,1.0
periodic,0.2,0.0,maxrun,50,300,0.16333333333333333,0.043333333333333335,0.12,0.0,0.0134311197867253,1.0,1.0,0.01502562272494555,0.0049392581621187,1.0,1.0
periodic,0.2,0.0,maxrun,252,300,0.16333333333333333,0.043333333333333335,0.12,0.0,0.010001726360029349,1.0,1.0,0.01502562272494555,0.00022418624186865,1.0,1.0
periodic,0.2,0.5,count,50,300,0.13,0.05,0.08,0.0,0.0,1.0,1.0,0.0022166021805742004,0.00495801716010925,1.0,1.0
periodic,0.2,0.5,count,252,300,0.13,0.043333333333333335,0.08666666666666667,0.0,0.0,1.0,1.0,0.0022166021805742004,0.00022407179772915,1.0,1.0
periodic,0.2,0.5,maxrun,50,300,0.13,0.05333333333333334,0.07666666666666666,0.0,0.0,1.0,1.0,0.012382497860447001,0.00495801716010925,1.0,1.0
periodic,0.2,0.5,maxrun,252,300,0.13,0.05,0.08,0.0,0.0,1.0,1.0,0.012382497860447001,0.00022407179772915,1.0,1.0
periodic,0.2,1.0,count,50,300,0.15333333333333332,0.056666666666666664,0.09666666666666666,0.0,0.0,1.0,1.0,0.0024008439307794,0.0049569790784857,1.0,1.0
periodic,0.2,1.0,count,252,300,0.15333333333333332,0.056666666666666664,0.09666666666666666,0.0,0.0,1.0,1.0,0.0024008439307794,0.00022300140388540002,1.0,1.0
periodic,0.2,1.0,maxrun,50,300,0.13,0.07333333333333333,0.06,0.0033333333333333335,0.0,1.0,1.0,0.0103969472761179,0.0049569790784857,1.0,1.0
periodic,0.2,1.0,maxrun,252,300,0.13,0.07,0.06333333333333334,0.0033333333333333335,0.0,1.0,1.0,0.0103969472761179,0.00022300140388540002,1.0,1.0
periodic,0.2,2.0,count,50,300,0.25,0.056666666666666664,0.19333333333333333,0.0,0.018390565581434253,1.0,1.0,0.00344699904483875,0.0049581355563817,1.0,1.0
periodic,0.2,2.0,count,252,300,0.25,0.07,0.18,0.0,0.0150009151643162,1.0,1.0,0.00344699904483875,0.00022397463426215,1.0,1.0
periodic,0.2,2.0,maxrun,50,300,0.13,0.06333333333333334,0.06666666666666667,0.0,0.0,1.0,1.0,0.0070073236816016,0.0049581355563817,1.0,1.0
periodic,0.2,2.0,maxrun,252,300,0.13,0.06,0.07,0.0,0.0,1.0,1.0,0.0070073236816016,0.00022397463426215,1.0,1.0
periodic,0.2,4.0,count,50,300,0.15666666666666668,0.06,0.09666666666666666,0.0,0.0,1.0,1.0,0.00611262945495605,0.004927232746625,1.0,1.0
periodic,0.2,4.0,count,252,300,0.15666666666666668,0.06333333333333334,0.09333333333333334,0.0,0.0,1.0,1.0,0.00611262945495605,0.00022333864692735,1.0,1.0
periodic,0.2,4.0,maxrun,50,300,0.19333333333333333,0.04666666666666667,0.14666666666666667,0.0,0.010484349216171598,1.0,1.0,0.0061807807360421,0.004927232746625,1.0,1.0
periodic,0.2,4.0,maxrun,252,300,0.19333333333333333,0.04666666666666667,0.14666666666666667,0.0,0.0133181167658295,1.0,1.0,0.0061807807360421,0.00022333864692735,1.0,1.0
periodic,0.5,0.0,count,50,300,0.06333333333333334,0.02666666666666667,0.03666666666666667,0.0,0.0,1.0,1.0,0.0010226016535578,0.0051395417136881,1.0,1.0
periodic,0.5,0.0,count,252,300,0.06333333333333334,0.02,0.043333333333333335,0.0,0.0,1.0,1.0,0.0010226016535578,0.0002308854508695,1.0,1.0
periodic,0.5,0.0,maxrun,50,300,0.1,0.05333333333333334,0.04666666666666667,0.0,0.0,1.0,1.0,0.00365174451061445,0.0051395417136881,1.0,1.0
periodic,0.5,0.0,maxrun,252,300,0.1,0.05,0.05,0.0,0.0,1.0,1.0,0.00365174451061445,0.0002308854508695,1.0,1.0
periodic,0.5,0.5,count,50,300,0.06333333333333334,0.043333333333333335,0.02,0.0,0.0,1.0,1.0,0.001261940457876,0.0051345600412187505,1.0,1.0
periodic,0.5,0.5,count,252,300,0.06333333333333334,0.05333333333333334,0.013333333333333334,0.0033333333333333335,0.0,1.0,1.0,0.001261940457876,0.0002307522654705,1.0,1.0
periodic,0.5,0.5,maxrun,50,300,0.08666666666666667,0.03666666666666667,0.056666666666666664,0.006666666666666667,0.0,1.0,1.0,0.0037624243849496,0.0051345600412187505,1.0,1.0
periodic,0.5,0.5,maxrun,252,300,0.08666666666666667,0.03333333333333333,0.056666666666666664,0.0033333333333333335,0.0,1.0,1.0,0.0037624243849496,0.0002307522654705,1.0,1.0
periodic,0.5,1.0,count,50,300,0.06333333333333334,0.02666666666666667,0.04,0.0033333333333333335,0.0,1.0,1.0,0.0011194662448960001,0.005125344471378451,1.0,1.0
periodic,0.5,1.0,count,252,300,0.06333333333333334,0.02,0.043333333333333335,0.0,0.0,1.0,1.0,0.0011194662448960001,0.0002310290879525,1.0,1.0
periodic,0.5,1.0,maxrun,50,300,0.06,0.04,0.02666666666666667,0.006666666666666667,0.0,1.0,1.0,0.0025724165399010996,0.005125344471378451,1.0,1.0
periodic,0.5,1.0,maxrun,252,300,0.06,0.04666666666666667,0.02,0.006666666666666667,0.0,1.0,1.0,0.0025724165399010996,0.0002310290879525,1.0,1.0
periodic,0.5,2.0,count,50,300,0.11333333333333333,0.06333333333333334,0.05333333333333334,0.0033333333333333335,0.0,1.0,1.0,0.0014727737612699001,0.0051336755347805,1.0,1.0
periodic,0.5,2.0,count,252,300,0.11333333333333333,0.056666666666666664,0.06,0.0033333333333333335,0.0,1.0,1.0,0.0014727737612699001,0.00022991183746775,1.0,1.0
periodic,0.5,2.0,maxrun,50,300,0.06333333333333334,0.03333333333333333,0.03333333333333333,0.0033333333333333335,0.0,1.0,1.0,0.00234815185712765,0.0051336755347805,1.0,1.0
periodic,0.5,2.0,maxrun,252,300,0.06333333333333334,0.02666666666666667,0.03666666666666667,0.0,0.0,1.0,1.0,0.00234815185712765,0.00022991183746775,1.0,1.0
periodic,0.5,4.0,count,50,300,0.24,0.03,0.21,0.0,0.07699974504256299,1.0,1.0,0.0031613694771506,0.00515821485383065,1.0,1.0
periodic,0.5,4.0,count,252,300,0.24,0.04,0.2,0.0,0.07400872044088536,1.0,1.0,0.0031613694771506,0.00023012815170665,1.0,1.0
periodic,0.5,4.0,maxrun,50,300,0.20333333333333334,0.05,0.15333333333333332,0.0,0.024100098921116052,1.0,1.0,0.0037559206271270996,0.00515821485383065,1.0,1.0
periodic,0.5,4.0,maxrun,252,300,0.20333333333333334,0.04,0.16333333333333333,0.0,0.02305317459940215,1.0,1.0,0.0037559206271270996,0.00023012815170665,1.0,1.0
periodic,0.8,0.0,count,50,300,0.05333333333333334,0.04666666666666667,0.013333333333333334,0.006666666666666667,0.0,1.0,1.0,0.0013157917130241,0.0056751167331607,1.0,1.0
periodic,0.8,0.0,count,252,300,0.05333333333333334,0.03,0.023333333333333334,0.0,0.0,1.0,1.0,0.0013157917130241,0.0002487502105231,1.0,1.0
periodic,0.8,0.0,maxrun,50,300,0.056666666666666664,0.056666666666666664,0.016666666666666666,0.016666666666666666,0.0,1.0,1.0,0.0020908620522095,0.0056751167331607,1.0,1.0
periodic,0.8,0.0,maxrun,252,300,0.056666666666666664,0.043333333333333335,0.016666666666666666,0.0033333333333333335,0.0,1.0,1.0,0.0020908620522095,0.0002487502105231,1.0,1.0
periodic,0.8,0.5,count,50,300,0.07333333333333333,0.05,0.023333333333333334,0.0,0.0,1.0,1.0,0.0010878622678266,0.0057380841358291995,1.0,1.0
periodic,0.8,0.5,count,252,300,0.07333333333333333,0.043333333333333335,0.03,0.0,0.0,1.0,1.0,0.0010878622678266,0.00024744353421154996,1.0,1.0
periodic,0.8,0.5,maxrun,50,300,0.06333333333333334,0.043333333333333335,0.023333333333333334,0.0033333333333333335,0.0,1.0,1.0,0.0016046585219434,0.0057380841358291995,1.0,1.0
periodic,0.8,0.5,maxrun,252,300,0.06333333333333334,0.05,0.02,0.006666666666666667,0.0,1.0,1.0,0.0016046585219434,0.00024744353421154996,1.0,1.0
periodic,0.8,1.0,count,50,300,0.07,0.05,0.03,0.01,0.0,1.0,1.0,0.0009466787066278,0.00566582463186365,1.0,1.0
periodic,0.8,1.0,count,252,300,0.07,0.03333333333333333,0.04,0.0033333333333333335,0.0,1.0,1.0,0.0009466787066278,0.00024865127175405,1.0,1.0
periodic,0.8,1.0,maxrun,50,300,0.056666666666666664,0.04666666666666667,0.023333333333333334,0.013333333333333334,0.0,1.0,1.0,0.00119419577103715,0.00566582463186365,1.0,1.0
periodic,0.8,1.0,maxrun,252,300,0.056666666666666664,0.02,0.03666666666666667,0.0,0.0,1.0,1.0,0.00119419577103715,0.00024865127175405,1.0,1.0
periodic,0.8,2.0,count,50,300,0.07666666666666666,0.03333333333333333,0.043333333333333335,0.0,0.0,1.0,1.0,0.00075416385183205,0.00567711726846705,1.0,1.0
periodic,0.8,2.0,count,252,300,0.07666666666666666,0.02666666666666667,0.05,0.0,0.0084669782400399,1.0,1.0,0.00075416385183205,0.00024831237979215,1.0,1.0
periodic,0.8,2.0,maxrun,50,300,0.08333333333333333,0.03333333333333333,0.05333333333333334,0.0033333333333333335,0.0,1.0,1.0,0.0008958980192075999,0.00567711726846705,1.0,1.0
periodic,0.8,2.0,maxrun,252,300,0.08333333333333333,0.02666666666666667,0.056666666666666664,0.0,0.0,1.0,1.0,0.0008958980192075999,0.00024831237979215,1.0,1.0
periodic,0.8,4.0,count,50,300,0.17666666666666667,0.05,0.12666666666666668,0.0,0.0399289991062522,1.0,1.0,0.00133134378573005,0.0057412195122956994,1.0,1.0
periodic,0.8,4.0,count,252,300,0.17666666666666667,0.03666666666666667,0.14,0.0,0.0506444168040947,1.0,1.0,0.00133134378573005,0.00024831598705295005,1.0,1.0
periodic,0.8,4.0,maxrun,50,300,0.15333333333333332,0.04,0.11333333333333333,0.0,0.0478383935814989,1.0,1.0,0.00129149340829855,0.0057412195122956994,1.0,1.0
periodic,0.8,4.0,maxrun,252,300,0.15333333333333332,0.04,0.11333333333333333,0.0,0.05094424384064315,1.0,1.0,0.00129149340829855,0.00024831598705295005,1.0,1.0
tinnov,0.2,0.0,count,50,300,0.11333333333333333,0.043333333333333335,0.07,0.0,0.0,1.0,1.0,0.00235251393073695,0.006139183119731001,1.0,1.0
tinnov,0.2,0.0,count,252,300,0.11333333333333333,0.03666666666666667,0.07666666666666666,0.0,0.0,1.0,1.0,0.00235251393073695,0.00033196964575904996,1.0,1.0
tinnov,0.2,0.0,maxrun,50,300,0.16666666666666666,0.04,0.12666666666666668,0.0,0.009229210576515951,1.0,1.0,0.01502119336274755,0.006139183119731001,1.0,1.0
tinnov,0.2,0.0,maxrun,252,300,0.16666666666666666,0.04,0.12666666666666668,0.0,0.0124337111760904,1.0,1.0,0.01502119336274755,0.00033196964575904996,1.0,1.0
tinnov,0.2,0.5,count,50,300,0.12666666666666668,0.06666666666666667,0.06333333333333334,0.0033333333333333335,0.0,1.0,1.0,0.0025208654771745496,0.00614111660225675,1.0,1.0
tinnov,0.2,0.5,count,252,300,0.12666666666666668,0.06666666666666667,0.06,0.0,0.0,1.0,1.0,0.0025208654771745496,0.0003342155777956,1.0,1.0
tinnov,0.2,0.5,maxrun,50,300,0.11,0.04,0.07,0.0,0.0,1.0,1.0,0.013515442924384401,0.00614111660225675,1.0,1.0
tinnov,0.2,0.5,maxrun,252,300,0.11,0.04666666666666667,0.06333333333333334,0.0,0.0,1.0,1.0,0.013515442924384401,0.0003342155777956,1.0,1.0
tinnov,0.2,1.0,count,50,300,0.16333333333333333,0.04,0.12333333333333334,0.0,0.0,1.0,1.0,0.00189524955210825,0.006112154135857551,1.0,1.0
tinnov,0.2,1.0,count,252,300,0.16333333333333333,0.05,0.11333333333333333,0.0,0.0,1.0,1.0,0.00189524955210825,0.00032975683765214996,1.0,1.0
tinnov,0.2,1.0,maxrun,50,300,0.11,0.05333333333333334,0.056666666666666664,0.0,0.0,1.0,1.0,0.008714949713626699,0.006112154135857551,1.0,1.0
tinnov,0.2,1.0,maxrun,252,300,0.11,0.06333333333333334,0.05,0.0033333333333333335,0.0,1.0,1.0,0.008714949713626699,0.00032975683765214996,1.0,1.0
tinnov,0.2,2.0,count,50,300,0.18666666666666668,0.03333333333333333,0.15333333333333332,0.0,0.01699786165192225,1.0,1.0,0.0034058146722213,0.006155323377935749,1.0,1.0
tinnov,0.2,2.0,count,252,300,0.18666666666666668,0.03666666666666667,0.15,0.0,0.0168100737287053,1.0,1.0,0.0034058146722213,0.00032859734533525,1.0,1.0
tinnov,0.2,2.0,maxrun,50,300,0.16333333333333333,0.08666666666666667,0.07666666666666666,0.0,0.0,1.0,1.0,0.00670228105117285,0.006155323377935749,1.0,1.0
tinnov,0.2,2.0,maxrun,252,300,0.16333333333333333,0.07333333333333333,0.09,0.0,0.0,1.0,1.0,0.00670228105117285,0.00032859734533525,1.0,1.0
tinnov,0.2,4.0,count,50,300,0.13,0.043333333333333335,0.08666666666666667,0.0,0.0,1.0,1.0,0.00654830800501745,0.00615131732777215,1.0,1.0
tinnov,0.2,4.0,count,252,300,0.13,0.04666666666666667,0.08333333333333333,0.0,0.0,1.0,1.0,0.00654830800501745,0.0003317647461821,1.0,1.0
tinnov,0.2,4.0,maxrun,50,300,0.16333333333333333,0.03666666666666667,0.12666666666666668,0.0,0.012196353419523048,1.0,1.0,0.0054449825444162,0.00615131732777215,1.0,1.0
tinnov,0.2,4.0,maxrun,252,300,0.16333333333333333,0.03666666666666667,0.12666666666666668,0.0,0.010961206111451152,1.0,1.0,0.0054449825444162,0.0003317647461821,1.0,1.0
tinnov,0.5,0.0,count,50,300,0.07333333333333333,0.056666666666666664,0.02,0.0033333333333333335,0.0,1.0,1.0,0.0009676487776476,0.0063124994007714,1.0,1.0
tinnov,0.5,0.0,count,252,300,0.07333333333333333,0.05,0.023333333333333334,0.0,0.0,1.0,1.0,0.0009676487776476,0.00033075848917245,1.0,1.0
tinnov,0.5,0.0,maxrun,50,300,0.07333333333333333,0.03666666666666667,0.03666666666666667,0.0,0.0,1.0,1.0,0.00363903274426175,0.0063124994007714,1.0,1.0
tinnov,0.5,0.0,maxrun,252,300,0.07333333333333333,0.05,0.03,0.006666666666666667,0.0,1.0,1.0,0.00363903274426175,0.00033075848917245,1.0,1.0
tinnov,0.5,0.5,count,50,300,0.07666666666666666,0.05333333333333334,0.03,0.006666666666666667,0.0,1.0,1.0,0.0011717821317582,0.0062356604407181,1.0,1.0
tinnov,0.5,0.5,count,252,300,0.07666666666666666,0.04666666666666667,0.03333333333333333,0.0033333333333333335,0.0,1.0,1.0,0.0011717821317582,0.0003246451278338,1.0,1.0
tinnov,0.5,0.5,maxrun,50,300,0.04666666666666667,0.04,0.006666666666666667,0.0,0.0,1.0,1.0,0.0036845757953175504,0.0062356604407181,1.0,1.0
tinnov,0.5,0.5,maxrun,252,300,0.04666666666666667,0.03666666666666667,0.01,0.0,0.0,1.0,1.0,0.0036845757953175504,0.0003246451278338,1.0,1.0
tinnov,0.5,1.0,count,50,300,0.08333333333333333,0.05,0.03333333333333333,0.0,0.0,1.0,1.0,0.00114819668065805,0.00621197748644195,1.0,1.0
tinnov,0.5,1.0,count,252,300,0.08333333333333333,0.05,0.03666666666666667,0.0033333333333333335,0.0,1.0,1.0,0.00114819668065805,0.0003187583058463,1.0,1.0
tinnov,0.5,1.0,maxrun,50,300,0.08666666666666667,0.06333333333333334,0.03,0.006666666666666667,0.0,1.0,1.0,0.00236313411531325,0.00621197748644195,1.0,1.0
tinnov,0.5,1.0,maxrun,252,300,0.08666666666666667,0.06666666666666667,0.02666666666666667,0.006666666666666667,0.0,1.0,1.0,0.00236313411531325,0.0003187583058463,1.0,1.0
tinnov,0.5,2.0,count,50,300,0.07666666666666666,0.02666666666666667,0.05,0.0,0.0,1.0,1.0,0.0015218792570148,0.00623744446051475,1.0,1.0
tinnov,0.5,2.0,count,252,300,0.07666666666666666,0.02666666666666667,0.05,0.0,0.0,1.0,1.0,0.0015218792570148,0.0003226894355511,1.0,1.0
tinnov,0.5,2.0,maxrun,50,300,0.13333333333333333,0.07666666666666666,0.056666666666666664,0.0,0.0,1.0,1.0,0.00236364205531615,0.00623744446051475,1.0,1.0
tinnov,0.5,2.0,maxrun,252,300,0.13333333333333333,0.06333333333333334,0.07,0.0,0.0,1.0,1.0,0.00236364205531615,0.0003226894355511,1.0,1.0
tinnov,0.5,4.0,count,50,300,0.3333333333333333,0.056666666666666664,0.27666666666666667,0.0,0.076123011981551,1.0,1.0,0.0036050106026159,0.006203400204172,1.0,1.0
tinnov,0.5,4.0,count,252,300,0.3333333333333333,0.06666666666666667,0.26666666666666666,0.0,0.07482536306549459,1.0,1.0,0.0036050106026159,0.0003235854247276,1.0,1.0
tinnov,0.5,4.0,maxrun,50,300,0.23,0.06666666666666667,0.16333333333333333,0.0,0.02055498993796065,1.0,1.0,0.0034766816296583,0.006203400204172,1.0,1.0
tinnov,0.5,4.0,maxrun,252,300,0.23,0.07666666666666666,0.15333333333333332,0.0,0.022194000468766198,1.0,1.0,0.0034766816296583,0.0003235854247276,1.0,1.0
tinnov,0.8,0.0,count,50,300,0.08,0.08333333333333333,0.013333333333333334,0.016666666666666666,0.0,1.0,1.0,0.0008138500486976,0.00648677510068525,1.0,1.0
tinnov,0.8,0.0,count,252,300,0.08,0.06666666666666667,0.02666666666666667,0.013333333333333334,0.0,1.0,1.0,0.0008138500486976,0.0003054832579472,1.0,1.0
tinnov,0.8,0.0,maxrun,50,300,0.08333333333333333,0.08,0.02,0.016666666666666666,0.0,1.0,1.0,0.0013101757500589,0.00648677510068525,1.0,1.0
tinnov,0.8,0.0,maxrun,252,300,0.08333333333333333,0.07,0.023333333333333334,0.01,0.0,1.0,1.0,0.0013101757500589,0.0003054832579472,1.0,1.0
tinnov,0.8,0.5,count,50,300,0.07,0.06,0.016666666666666666,0.006666666666666667,0.0,1.0,1.0,0.00098715411959375,0.0064389096260362,1.0,1.0
tinnov,0.8,0.5,count,252,300,0.07,0.043333333333333335,0.02666666666666667,0.0,0.0,1.0,1.0,0.00098715411959375,0.00030295613788585004,1.0,1.0
tinnov,0.8,0.5,maxrun,50,300,0.056666666666666664,0.05,0.016666666666666666,0.01,0.0,1.0,1.0,0.0014898428454223,0.0064389096260362,1.0,1.0
tinnov,0.8,0.5,maxrun,252,300,0.056666666666666664,0.05,0.023333333333333334,0.016666666666666666,0.0,1.0,1.0,0.0014898428454223,0.00030295613788585004,1.0,1.0
tinnov,0.8,1.0,count,50,300,0.07666666666666666,0.056666666666666664,0.02666666666666667,0.006666666666666667,0.0,1.0,1.0,0.0008551379631223501,0.00652496090042615,1.0,1.0
tinnov,0.8,1.0,count,252,300,0.07666666666666666,0.04666666666666667,0.03333333333333333,0.0033333333333333335,0.0,1.0,1.0,0.0008551379631223501,0.00030995272572039996,1.0,1.0
tinnov,0.8,1.0,maxrun,50,300,0.08666666666666667,0.07,0.03,0.013333333333333334,0.0,1.0,1.0,0.0010438791947651,0.00652496090042615,1.0,1.0
tinnov,0.8,1.0,maxrun,252,300,0.08666666666666667,0.06,0.03333333333333333,0.006666666666666667,0.0,1.0,1.0,0.0010438791947651,0.00030995272572039996,1.0,1.0
tinnov,0.8,2.0,count,50,300,0.07666666666666666,0.04666666666666667,0.03,0.0,0.0,1.0,1.0,0.0007924273357176499,0.00643919786568155,1.0,1.0
tinnov,0.8,2.0,count,252,300,0.07666666666666666,0.04666666666666667,0.03333333333333333,0.0033333333333333335,0.0067578364387597,1.0,1.0,0.0007924273357176499,0.00030688854917035,1.0,1.0
tinnov,0.8,2.0,maxrun,50,300,0.07333333333333333,0.03666666666666667,0.03666666666666667,0.0,0.0,1.0,1.0,0.0009222011645353,0.00643919786568155,1.0,1.0
tinnov,0.8,2.0,maxrun,252,300,0.07333333333333333,0.043333333333333335,0.03,0.0,0.0,1.0,1.0,0.0009222011645353,0.00030688854917035,1.0,1.0
tinnov,0.8,4.0,count,50,300,0.18666666666666668,0.05,0.13666666666666666,0.0,0.051186624088163504,1.0,1.0,0.00151223738623575,0.00648474545359325,1.0,1.0
tinnov,0.8,4.0,count,252,300,0.18666666666666668,0.04,0.14666666666666667,0.0,0.0603262127532256,1.0,1.0,0.00151223738623575,0.0003035307209255,1.0,1.0
tinnov,0.8,4.0,maxrun,50,300,0.21333333333333335,0.05,0.16333333333333333,0.0,0.054355500821018046,1.0,1.0,0.0015055576399499002,0.00648474545359325,1.0,1.0
tinnov,0.8,4.0,maxrun,252,300,0.21333333333333335,0.03666666666666667,0.17666666666666667,0.0,0.06244416213302795,1.0,1.0,0.0015055576399499002,0.0003035307209255,1.0,1.0
