family,phi,lambda,replicate,theta_obs_independent,theta_obs_raw_independent,p_annual_independent,p_native_independent,annual_reject_independent,native_reject_independent,annual_only_independent,native_only_independent,annual_spectral_error_median,native_spectral_error_median,native_month_exact_fraction,theta_obs,theta_abs_diff
gaussian,0.2,0.0,74,1.0,1.1689295552931918,1.0,1.0,False,False,False,False,0.014735413372710216,0.0001957253266463115,1.0,1.0,0.0
gaussian,0.2,0.0,54,1.0,1.0051969365426696,1.0,1.0,False,False,False,False,0.001878908183785342,0.0002023560835607728,1.0,1.0,0.0
gaussian,0.2,0.0,86,1.0,1.4266975308641976,1.0,1.0,False,False,False,False,0.0003644709822004407,0.00019403869577689365,1.0,1.0,0.0
gaussian,0.2,0.0,108,1.0,1.18035157988429,1.0,1.0,False,False,False,False,0.0017346412790246535,0.00019596109183798644,1.0,1.0,0.0
gaussian,0.2,0.0,112,1.0,1.295428830052048,1.0,1.0,False,False,False,False,0.003964894552352248,0.00020301889056392625,1.0,1.0,0.0
gaussian,0.2,0.0,221,1.0,1.2909271725826192,1.0,1.0,False,False,False,False,0.010029550016049524,0.0002027124747751547,1.0,1.0,0.0
gaussian,0.2,0.0,208,1.0,1.2506379264034382,1.0,1.0,False,False,False,False,0.003097730274434201,0.00020576300930871,1.0,1.0,0.0
gaussian,0.2,0.0,149,1.0,1.152037617554859,1.0,1.0,False,False,False,False,0.0010368534019116957,0.00020372121959242977,1.0,1.0,0.0
gaussian,0.2,0.0,270,1.0,1.3988249711649365,1.0,1.0,False,False,False,False,0.0016715579350231368,0.00019996399522900936,1.0,1.0,0.0
gaussian,0.2,0.0,298,1.0,1.272040101845958,1.0,1.0,False,False,False,False,0.0058843143730475354,0.0001971445875058723,1.0,1.0,0.0
gaussian,0.2,0.5,36,1.0,1.048242741759441,1.0,1.0,False,False,False,False,0.00233194317902359,0.00019237625290908356,1.0,1.0,0.0
gaussian,0.2,0.5,19,1.0,1.045014880952381,1.0,1.0,False,False,False,False,0.001841071673371948,0.00020836634723904685,1.0,1.0,0.0
gaussian,0.2,0.5,45,1.0,1.101213023088023,1.0,1.0,False,False,False,False,0.002425436500411401,0.00021330092778041975,1.0,1.0,0.0
gaussian,0.2,0.5,139,1.0,1.3805409466566492,1.0,1.0,False,False,False,False,0.004130409255184966,0.00019178937455667313,1.0,1.0,0.0
gaussian,0.2,0.5,148,0.7613324604065345,0.7613324604065345,0.06,0.09,False,False,False,False,0.002005040839951444,0.0002037859326401956,1.0,0.7613324604065345,0.0
gaussian,0.2,0.5,147,1.0,1.0068752594437527,1.0,1.0,False,False,False,False,0.0024088098140345395,0.0001953593696262101,1.0,1.0,0.0
gaussian,0.2,0.5,195,0.9072997416020672,0.9072997416020672,0.12,0.2,False,False,False,False,0.0061537230388688195,0.00020580256955426312,1.0,0.9072997416020672,0.0
gaussian,0.2,0.5,192,1.0,1.2160706098120129,1.0,1.0,False,False,False,False,0.0012301258392675392,0.00020310001653932953,1.0,1.0,0.0
gaussian,0.2,0.5,258,0.8066443594646272,0.8066443594646272,0.05,0.06,False,False,False,False,0.004377291289245746,0.00019432259339377563,1.0,0.8066443594646272,0.0
gaussian,0.2,0.5,220,1.0,1.0394298496097467,1.0,1.0,False,False,False,False,0.000454269800360481,0.00020033893986331423,1.0,1.0,0.0
gaussian,0.2,1.0,69,0.8783088764206589,0.8783088764206589,0.23,0.27,False,False,False,False,0.0033867217471470726,0.00019384508005005228,1.0,0.8783088764206589,0.0
gaussian,0.2,1.0,92,0.9147266770132781,0.9147266770132781,0.14,0.35,False,False,False,False,0.002639487658188501,0.0001964218110300312,1.0,0.914726677013278,1.1102230246251565e-16
gaussian,0.2,1.0,117,1.0,1.2432973537604457,1.0,1.0,False,False,False,False,0.00044711771178388674,0.00019303382141072273,1.0,1.0,0.0
gaussian,0.2,1.0,129,0.7175353356890459,0.7175353356890459,0.01,0.04,True,True,False,False,0.0009158654763770602,0.00019399160831972716,1.0,0.7175353356890459,0.0
gaussian,0.2,1.0,136,0.7231846718787017,0.7231846718787017,0.08,0.05,False,False,False,False,0.003861382703559432,0.00020360673885306047,1.0,0.7231846718787017,0.0
gaussian,0.2,1.0,133,1.0,1.0686122102882984,1.0,1.0,False,False,False,False,0.00048336570349147404,0.0001897651553779503,1.0,1.0,0.0
gaussian,0.2,1.0,159,0.9779912233566183,0.9779912233566183,0.18,0.42,False,False,False,False,0.002035072585179752,0.00020232241478589373,1.0,0.9779912233566184,1.1102230246251565e-16
gaussian,0.2,1.0,189,0.998407786149982,0.998407786149982,0.46,0.39,False,False,False,False,0.0012470324341397497,0.00018928771779738165,1.0,0.998407786149982,0.0
gaussian,0.2,1.0,259,0.8750778816199377,0.8750778816199377,0.13,0.25,False,False,False,False,0.003772779906890366,0.00019985993054448954,1.0,0.8750778816199377,0.0
gaussian,0.2,2.0,18,0.7842509603072984,0.7842509603072984,0.02,0.19,True,False,True,False,0.015897173632511592,0.00020471835029524905,1.0,0.7842509603072984,0.0
gaussian,0.2,1.0,218,1.0,1.297202568134172,1.0,1.0,False,False,False,False,0.0006529394537095516,0.00019358737190938312,1.0,1.0,0.0
gaussian,0.2,2.0,63,0.9405760626398211,0.9405760626398211,0.16,0.49,False,False,False,False,0.007132128432744333,0.00019955285735927388,1.0,0.9405760626398212,1.1102230246251565e-16
gaussian,0.2,2.0,111,0.7890532192919933,0.7890532192919933,0.09,0.24,False,False,False,False,0.013959311499603772,0.00021501733288621368,1.0,0.7890532192919933,0.0
gaussian,0.2,2.0,64,1.0,1.0272511848341233,1.0,1.0,False,False,False,False,0.0007473073596533434,0.00018641706399891142,1.0,1.0,0.0
gaussian,0.2,2.0,86,1.0,1.0835988952623752,1.0,1.0,False,False,False,False,0.0010593814273024268,0.00019813900736071017,1.0,1.0,0.0
gaussian,0.2,2.0,130,1.0,1.16800586213867,1.0,1.0,False,False,False,False,0.004646276019305197,0.00019743309732632487,1.0,1.0,0.0
gaussian,0.2,2.0,153,0.8260169491525424,0.8260169491525424,0.05,0.14,False,False,False,False,0.011377691853809841,0.00020650396512511237,1.0,0.8260169491525424,0.0
gaussian,0.2,2.0,135,0.8269293125810635,0.8269293125810635,0.06,0.21,False,False,False,False,0.0009045136351435255,0.0002120812538692043,1.0,0.8269293125810635,0.0
gaussian,0.2,2.0,279,0.9994236311239193,0.9994236311239193,0.27,0.47,False,False,False,False,0.006286585079754912,0.00019766718995858391,1.0,0.9994236311239192,1.1102230246251565e-16
gaussian,0.2,2.0,256,1.0,1.00133202467751,1.0,1.0,False,False,False,False,0.0005714898991926417,0.00020112242332909612,1.0,1.0,0.0
gaussian,0.2,4.0,66,1.0,1.2675466163838256,1.0,1.0,False,False,False,False,0.022597401414797637,0.00019730795541658311,1.0,1.0,0.0
gaussian,0.2,4.0,56,0.7685559252217997,0.7685559252217997,0.09,0.09,False,False,False,False,0.014840288780734063,0.000206404426567659,1.0,0.7685559252217997,0.0
gaussian,0.2,4.0,152,0.850211608222491,0.850211608222491,0.15,0.19,False,False,False,False,0.004671867250066559,0.00020057746204279068,1.0,0.850211608222491,0.0
gaussian,0.2,4.0,182,1.0,1.13250407000407,1.0,1.0,False,False,False,False,0.0012512299240736437,0.00019801397797668643,1.0,1.0,0.0
gaussian,0.2,4.0,193,1.0,1.0822406257188866,1.0,1.0,False,False,False,False,0.012437632816661612,0.0001972072661822855,1.0,1.0,0.0
gaussian,0.2,4.0,187,0.6442043895747599,0.6442043895747599,0.01,0.05,True,False,True,False,0.0015329152826815294,0.0002020399244364683,1.0,0.6442043895747599,0.0
gaussian,0.2,4.0,216,1.0,1.0010544478527608,1.0,1.0,False,False,False,False,0.012264316166167846,0.00019786800222969296,1.0,1.0,0.0
gaussian,0.2,4.0,215,0.9516530797101449,0.9516530797101449,0.17,0.61,False,False,False,False,0.0004507335393719882,0.00019534207509865637,1.0,0.9516530797101448,1.1102230246251565e-16
gaussian,0.2,4.0,260,1.0,1.185483870967742,1.0,1.0,False,False,False,False,0.007649871249513444,0.0002016551093258327,1.0,1.0,0.0
gaussian,0.2,4.0,258,1.0,1.105628890319811,1.0,1.0,False,False,False,False,0.005969941040417484,0.00020430606779184502,1.0,1.0,0.0
gaussian,0.5,0.0,23,1.0,1.2271734381826125,1.0,1.0,False,False,False,False,0.0009759861914837848,0.0002065649982601789,1.0,1.0,0.0
gaussian,0.5,0.0,56,1.0,1.267070707070707,1.0,1.0,False,False,False,False,0.0017834781167711913,0.0002088156399463625,1.0,1.0,0.0
gaussian,0.5,0.0,58,1.0,1.1461219563392107,1.0,1.0,False,False,False,False,0.006835762262266287,0.00020755984934978152,1.0,1.0,0.0
gaussian,0.5,0.0,95,1.0,1.1609761435762749,1.0,1.0,False,False,False,False,0.0005799051757739566,0.00020227219016989486,1.0,1.0,0.0
gaussian,0.5,0.0,142,1.0,1.1521594684385381,1.0,1.0,False,False,False,False,0.002093671347984955,0.0002108209659566234,1.0,1.0,0.0
gaussian,0.5,0.0,160,1.0,1.1006477329347284,1.0,1.0,False,False,False,False,0.0007056672194140068,0.00020599698203321772,1.0,1.0,0.0
gaussian,0.5,0.0,190,0.7644394110985278,0.7644394110985278,0.05,0.1,False,False,False,False,0.004602821633295389,0.00020339178144042873,1.0,0.7644394110985278,0.0
gaussian,0.5,0.0,239,0.9238755132512131,0.9238755132512131,0.18,0.22,False,False,False,False,0.000848643921503188,0.00019595580883300563,1.0,0.9238755132512132,1.1102230246251565e-16
gaussian,0.5,0.0,241,1.0,1.0000841750841751,1.0,1.0,False,False,False,False,0.004610426208209791,0.0001975559687852618,1.0,1.0,0.0
gaussian,0.5,0.0,290,1.0,1.0012579449152543,1.0,1.0,False,False,False,False,0.0006262742239211837,0.00020821143833019585,1.0,1.0,0.0
gaussian,0.5,0.5,8,1.0,1.0208814472671286,1.0,1.0,False,False,False,False,0.0018356901836236528,0.0001976205667053416,1.0,1.0,0.0
gaussian,0.5,0.5,77,0.9182745619871369,0.9182745619871369,0.1,0.22,False,False,False,False,0.008830791599520266,0.0001979069946371202,1.0,0.9182745619871368,1.1102230246251565e-16
gaussian,0.5,0.5,51,1.0,1.0856176900584795,1.0,1.0,False,False,False,False,0.000958988404522219,0.00020321533653179277,1.0,1.0,0.0
gaussian,0.5,0.5,84,1.0,1.0468719163212947,1.0,1.0,False,False,False,False,0.0005397918055157022,0.00019591360445099106,1.0,1.0,0.0
gaussian,0.5,0.5,111,1.0,1.3071563402176327,1.0,1.0,False,False,False,False,0.0005958558107207715,0.00021830989284418295,1.0,1.0,0.0
gaussian,0.5,0.5,147,0.8990934759994056,0.8990934759994056,0.07,0.14,False,False,False,False,0.0016662816575522342,0.00021582407139836773,1.0,0.8990934759994056,0.0
gaussian,0.5,0.5,174,0.927563788027478,0.927563788027478,0.1,0.17,False,False,False,False,0.001083138381865587,0.00021305104946822836,1.0,0.927563788027478,0.0
gaussian,0.5,0.5,197,1.0,1.0646002317497103,1.0,1.0,False,False,False,False,0.0011367263672613795,0.00021012520942326242,1.0,1.0,0.0
gaussian,0.5,0.5,209,1.0,1.1360680818512143,1.0,1.0,False,False,False,False,0.0033139021883589145,0.00019762882940789774,1.0,1.0,0.0
gaussian,0.5,0.5,295,1.0,1.0631084501557633,1.0,1.0,False,False,False,False,0.0004170449767722987,0.00021033402436992075,1.0,1.0,0.0
gaussian,0.5,1.0,4,0.8842637151106834,0.8842637151106834,0.19,0.15,False,False,False,False,0.0008406562295312573,0.00018787987568757585,1.0,0.8842637151106834,0.0
gaussian,0.5,1.0,83,1.0,1.0716536614645857,1.0,1.0,False,False,False,False,0.0005347107764499561,0.000203449154447509,1.0,1.0,0.0
gaussian,0.5,1.0,120,0.9789557805007991,0.9789557805007991,0.17,0.29,False,False,False,False,0.000327639608597362,0.00019908460042407082,1.0,0.9789557805007992,1.1102230246251565e-16
gaussian,0.5,1.0,129,1.0,1.1491053677932406,1.0,1.0,False,False,False,False,0.00038325705941672086,0.00020407171756119528,1.0,1.0,0.0
gaussian,0.5,1.0,182,0.9362354252400549,0.9362354252400549,0.18,0.24,False,False,False,False,0.0013439505636897605,0.0002110536266698637,1.0,0.9362354252400548,1.1102230246251565e-16
gaussian,0.5,1.0,231,1.0,1.0073421439060206,1.0,1.0,False,False,False,False,0.0002212554584624362,0.00021006835070877584,1.0,1.0,0.0
gaussian,0.5,1.0,249,1.0,1.135137814792782,1.0,1.0,False,False,False,False,0.00022262057061943078,0.00020559167627555333,1.0,1.0,0.0
gaussian,0.5,1.0,254,0.8510966780238501,0.8510966780238501,0.05,0.11,False,False,False,False,0.000738615790378239,0.00020630471581158983,1.0,0.8510966780238501,0.0
gaussian,0.5,1.0,256,0.8620842572062084,0.8620842572062084,0.11,0.22,False,False,False,False,0.0027447443686965676,0.0002138282054314213,1.0,0.8620842572062084,0.0
gaussian,0.5,1.0,280,0.9025499843798813,0.9025499843798813,0.15,0.25,False,False,False,False,0.00032990529649944497,0.00020618588741218996,1.0,0.9025499843798812,1.1102230246251565e-16
gaussian,0.5,2.0,2,1.0,1.166361043194784,1.0,1.0,False,False,False,False,0.0068579290632371954,0.0002084635332844467,1.0,1.0,0.0
gaussian,0.5,2.0,28,1.0,1.0325994196961938,1.0,1.0,False,False,False,False,0.009359111993695733,0.00020728580130684017,1.0,1.0,0.0
gaussian,0.5,2.0,25,0.8885615829257448,0.8885615829257448,0.08,0.12,False,False,False,False,0.0015269406263965103,0.0002040678224746808,1.0,0.8885615829257448,0.0
gaussian,0.5,2.0,74,0.9376824660827752,0.9376824660827752,0.13,0.38,False,False,False,False,0.0030398016025089186,0.0001966688440453005,1.0,0.9376824660827752,0.0
gaussian,0.5,2.0,109,0.955703012912482,0.955703012912482,0.25,0.24,False,False,False,False,0.0009974948722779947,0.00020020167502080247,1.0,0.955703012912482,0.0
gaussian,0.5,2.0,118,1.0,1.407306338028169,1.0,1.0,False,False,False,False,0.001604850252535919,0.0002025872806143226,1.0,1.0,0.0
gaussian,0.5,2.0,122,1.0,1.038265805441378,1.0,1.0,False,False,False,False,0.0012861812430741463,0.00020128639522009074,1.0,1.0,0.0
gaussian,0.5,2.0,158,1.0,1.0807431225437656,1.0,1.0,False,False,False,False,0.000637914711296567,0.00020561480911796592,1.0,1.0,0.0
gaussian,0.5,2.0,182,0.868871975019516,0.868871975019516,0.32,0.19,False,False,False,False,0.0025611466926176553,0.00020986382429731527,1.0,0.868871975019516,0.0
gaussian,0.5,2.0,233,1.0,1.2299196787148594,1.0,1.0,False,False,False,False,0.001440489093782826,0.00020924932302717259,1.0,1.0,0.0
gaussian,0.5,4.0,2,0.9442854872039421,0.9442854872039421,0.11,0.5,False,False,False,False,0.004017378890236735,0.0002017631062679925,1.0,0.944285487203942,1.1102230246251565e-16
gaussian,0.5,4.0,3,0.6860315366252042,0.6860315366252042,0.03,0.16,True,False,True,False,0.006161842224073483,0.0002055845010596487,1.0,0.6860315366252042,0.0
gaussian,0.5,4.0,5,1.0,1.1839250493096647,1.0,1.0,False,False,False,False,0.0025581193786178976,0.00020230532807850328,1.0,1.0,0.0
gaussian,0.5,4.0,66,0.6439982000224997,0.6439982000224997,0.03,0.09,True,False,True,False,0.014550044197018741,0.00021086218609847092,1.0,0.6439982000224997,0.0
gaussian,0.5,4.0,92,1.0,1.0160355090311988,1.0,1.0,False,False,False,False,0.0036455269661937006,0.00021150183138298658,1.0,1.0,0.0
gaussian,0.5,4.0,128,1.0,1.1491053677932406,1.0,1.0,False,False,False,False,0.0018048807364820759,0.00021220307661979552,1.0,1.0,0.0
gaussian,0.5,4.0,145,0.7260034904013961,0.7260034904013961,0.01,0.18,True,False,True,False,0.0019410601721708406,0.00021374053313533175,1.0,0.7260034904013961,0.0
gaussian,0.5,4.0,190,0.5769151776545491,0.5769151776545491,0.01,0.04,True,True,False,False,0.01349847228969949,0.0002044163127812484,1.0,0.5769151776545491,0.0
gaussian,0.5,4.0,253,0.8352281254690079,0.8352281254690079,0.09,0.38,False,False,False,False,0.0006315095454693155,0.00021624758966457564,1.0,0.8352281254690079,0.0
gaussian,0.5,4.0,270,1.0,1.1400759734093067,1.0,1.0,False,False,False,False,0.0013498611225607048,0.0002036157165988782,1.0,1.0,0.0
gaussian,0.8,0.0,27,0.9227358303606817,0.9227358303606817,0.35,0.43,False,False,False,False,0.0005671274961281811,0.00021304648620671654,1.0,0.9227358303606816,1.1102230246251565e-16
gaussian,0.8,0.0,72,1.0,1.0755555555555556,1.0,1.0,False,False,False,False,0.0016825370066374222,0.00022253924697227917,1.0,1.0,0.0
gaussian,0.8,0.0,73,1.0,1.0606298837430912,1.0,1.0,False,False,False,False,0.0005987512660155943,0.0002136605796530589,1.0,1.0,0.0
gaussian,0.8,0.0,96,1.0,1.0455040278684955,1.0,1.0,False,False,False,False,0.0005301360379244129,0.0002196458725586469,1.0,1.0,0.0
gaussian,0.8,0.0,118,1.0,1.3732085067036524,1.0,1.0,False,False,False,False,0.0012930623731434037,0.00022857913746918712,1.0,1.0,0.0
gaussian,0.8,0.0,203,0.9319008337768316,0.9319008337768316,0.29,0.32,False,False,False,False,0.0007956726464255457,0.00021409305023335794,1.0,0.9319008337768316,0.0
gaussian,0.8,0.0,215,0.9853920118343196,0.9853920118343196,0.45,0.51,False,False,False,False,0.002235511408149566,0.00021965915174451,1.0,0.9853920118343196,0.0
gaussian,0.8,0.0,248,1.0,1.5177633307065932,1.0,1.0,False,False,False,False,0.00045285590653588667,0.00022444365165176307,1.0,1.0,0.0
gaussian,0.8,0.0,256,0.8712660028449503,0.8712660028449503,0.1,0.12,False,False,False,False,0.0027000180438069405,0.000209530723962382,1.0,0.8712660028449503,0.0
gaussian,0.8,0.0,288,0.8662731006160165,0.8662731006160165,0.47,0.27,False,False,False,False,0.0005181259994982174,0.00021493714146290037,1.0,0.8662731006160165,0.0
gaussian,0.8,0.5,12,1.0,1.0387407004173472,1.0,1.0,False,False,False,False,0.0017992612670008825,0.00021800720952723247,1.0,1.0,0.0
gaussian,0.8,0.5,67,1.0,1.1350222222222222,1.0,1.0,False,False,False,False,0.003997939793954337,0.0002100931273726682,1.0,1.0,0.0
gaussian,0.8,0.5,85,0.8743266405484819,0.8743266405484819,0.33,0.18,False,False,False,False,0.0005958046119057724,0.0002297598951947221,1.0,0.8743266405484819,0.0
gaussian,0.8,0.5,126,1.0,1.051904761904762,1.0,1.0,False,False,False,False,0.0009488700087821155,0.00021083095986688133,1.0,1.0,0.0
gaussian,0.8,0.5,138,0.9438844086021505,0.9438844086021505,0.21,0.28,False,False,False,False,0.000601173474270627,0.00021117591072280592,1.0,0.9438844086021504,1.1102230246251565e-16
gaussian,0.8,0.5,150,1.0,1.0532648533950617,1.0,1.0,False,False,False,False,0.0009028870152704197,0.00022904595562460043,1.0,1.0,0.0
gaussian,0.8,0.5,151,1.0,1.1912637828668362,1.0,1.0,False,False,False,False,0.0007898613464993813,0.00021362825375873911,1.0,1.0,0.0
gaussian,0.8,0.5,188,0.9584245575624886,0.9584245575624886,0.28,0.41,False,False,False,False,0.0013860945871847759,0.000221823920058575,1.0,0.9584245575624886,0.0
gaussian,0.8,0.5,205,1.0,1.1593481654957065,1.0,1.0,False,False,False,False,0.0008266190655865104,0.00019869394947614623,1.0,1.0,0.0
gaussian,0.8,0.5,243,1.0,1.1801565734989647,1.0,1.0,False,False,False,False,0.0016018182858461576,0.00020836952265532635,1.0,1.0,0.0
gaussian,0.8,1.0,51,0.8607416101547557,0.8607416101547557,0.19,0.25,False,False,False,False,0.00047352168406364646,0.00021312830835523372,1.0,0.8607416101547557,0.0
gaussian,0.8,1.0,70,1.0,1.0469806118818925,1.0,1.0,False,False,False,False,0.0027546728577095125,0.00021787625961075638,1.0,1.0,0.0
gaussian,0.8,1.0,110,0.7544085231447465,0.7544085231447465,0.06,0.1,False,False,False,False,0.003301850433702517,0.00021314294275906755,1.0,0.7544085231447465,0.0
gaussian,0.8,1.0,153,1.0,1.0647765308131523,1.0,1.0,False,False,False,False,0.0011725850926507472,0.00023015106653772542,1.0,1.0,0.0
gaussian,0.8,1.0,185,1.0,1.1112046389824168,1.0,1.0,False,False,False,False,0.0003590480912348496,0.0002362741456023252,1.0,1.0,0.0
gaussian,0.8,1.0,191,1.0,1.13250407000407,1.0,1.0,False,False,False,False,0.0005062332593680906,0.00021440628614515203,1.0,1.0,0.0
gaussian,0.8,1.0,236,1.0,1.0202272727272728,1.0,1.0,False,False,False,False,0.001592445351283552,0.00022136685615201495,1.0,1.0,0.0
gaussian,0.8,1.0,241,0.8052013656633222,0.8052013656633222,0.23,0.23,False,False,False,False,0.0019323237553252005,0.00021472495982577215,1.0,0.8052013656633222,0.0
gaussian,0.8,1.0,244,1.0,1.0717399920729291,1.0,1.0,False,False,False,False,0.0005892029744553258,0.00022787064111011926,1.0,1.0,0.0
gaussian,0.8,2.0,12,1.0,1.1545417180435675,1.0,1.0,False,False,False,False,0.0037353788740812845,0.00022719124476220328,1.0,1.0,0.0
gaussian,0.8,1.0,248,0.9804300742574258,0.9804300742574258,0.21,0.34,False,False,False,False,0.0008104563374242745,0.0002107811695508396,1.0,0.9804300742574258,0.0
gaussian,0.8,2.0,20,0.9868020304568528,0.9868020304568528,0.23,0.49,False,False,False,False,0.0002262370530183898,0.00022412372888797855,1.0,0.9868020304568528,0.0
gaussian,0.8,2.0,100,0.7770089285714286,0.7770089285714286,0.09,0.28,False,False,False,False,0.0007147376276177408,0.00023077606059312917,1.0,0.7770089285714286,0.0
gaussian,0.8,2.0,120,0.798710271764164,0.798710271764164,0.07,0.17,False,False,False,False,0.0009226033848587138,0.00022437367498156013,1.0,0.798710271764164,0.0
gaussian,0.8,2.0,153,0.9172125181950509,0.9172125181950509,0.13,0.22,False,False,False,False,0.001232327730876048,0.00020552448431243242,1.0,0.9172125181950508,1.1102230246251565e-16
gaussian,0.8,2.0,207,1.0,1.0058338362502515,1.0,1.0,False,False,False,False,0.0007863820629473821,0.00021671058741095148,1.0,1.0,0.0
gaussian,0.8,2.0,219,0.7542538354253835,0.7542538354253835,0.06,0.06,False,False,False,False,0.0007259989063043485,0.00023080347879974382,1.0,0.7542538354253835,0.0
gaussian,0.8,2.0,224,1.0,1.0092275494672756,1.0,1.0,False,False,False,False,0.0003240102891634192,0.00021619413890494469,1.0,1.0,0.0
gaussian,0.8,2.0,245,1.0,1.0537207357859533,1.0,1.0,False,False,False,False,0.000246787031408718,0.00021825769922715425,1.0,1.0,0.0
gaussian,0.8,2.0,275,1.0,1.109200043066322,1.0,1.0,False,False,False,False,0.0006020111416857165,0.00022495889623333696,1.0,1.0,0.0
gaussian,0.8,4.0,64,1.0,1.0480435859336306,1.0,1.0,False,False,False,False,0.0010511800666371616,0.0002089086575379257,1.0,1.0,0.0
gaussian,0.8,4.0,92,0.5548007246376812,0.5548007246376812,0.03,0.02,True,True,False,False,0.00196977135647472,0.00021456239707482556,1.0,0.5548007246376812,0.0
gaussian,0.8,4.0,107,0.7892363904532046,0.7892363904532046,0.16,0.3,False,False,False,False,0.0008599579323376326,0.0002144521596718274,1.0,0.7892363904532046,0.0
gaussian,0.8,4.0,118,0.7767334605597964,0.7767334605597964,0.02,0.13,True,False,True,False,0.00046944735797108084,0.00023458171687234998,1.0,0.7767334605597964,0.0
gaussian,0.8,4.0,170,1.0,1.04104736424891,1.0,1.0,False,False,False,False,0.0010801143929827883,0.00021186933880466675,1.0,1.0,0.0
gaussian,0.8,4.0,182,1.0,1.0484501116263094,1.0,1.0,False,False,False,False,0.004948887530065199,0.00020686552713188703,1.0,1.0,0.0
gaussian,0.8,4.0,193,0.6472491909385113,0.6472491909385113,0.02,0.07,True,False,True,False,0.005413735000176846,0.00021730157869692692,1.0,0.6472491909385113,0.0
gaussian,0.8,4.0,221,0.9404329608938548,0.9404329608938548,0.2,0.5,False,False,False,False,0.0012109704882994794,0.00022757590465478556,1.0,0.9404329608938548,0.0
gaussian,0.8,4.0,248,0.8980766401882907,0.8980766401882907,0.12,0.31,False,False,False,False,0.001607294329558427,0.00022588721199336487,1.0,0.8980766401882907,0.0
gaussian,0.8,4.0,274,0.6184563968015993,0.6184563968015993,0.01,0.05,True,False,True,False,0.004472363716803596,0.00022087967480262496,1.0,0.6184563968015993,0.0
periodic,0.2,0.0,22,1.0,1.160451197053407,1.0,1.0,False,False,False,False,0.006050599875825678,0.00020145531709523572,1.0,1.0,0.0
periodic,0.2,0.0,23,1.0,1.0829542993285683,1.0,1.0,False,False,False,False,0.002289332077109537,0.00019544220788029245,1.0,1.0,0.0
periodic,0.2,0.0,97,0.7861912393162394,0.7861912393162394,0.08,0.13,False,False,False,False,0.010856207834772426,0.00019474718690461583,1.0,0.7861912393162394,0.0
periodic,0.2,0.0,51,0.9326202230755165,0.9326202230755165,0.21,0.32,False,False,False,False,0.0015908481412015803,0.00019716285103616945,1.0,0.9326202230755164,1.1102230246251565e-16
periodic,0.2,0.0,118,1.0,1.0664388762338648,1.0,1.0,False,False,False,False,0.00036770674714360207,0.00020189775438358922,1.0,1.0,0.0
periodic,0.2,0.0,151,0.8231662591687041,0.8231662591687041,0.13,0.25,False,False,False,False,0.009746720060853128,0.0002066411210659088,1.0,0.8231662591687041,0.0
periodic,0.2,0.0,157,1.0,1.1836244245870566,1.0,1.0,False,False,False,False,0.008212214758840727,0.0002025010735467309,1.0,1.0,0.0
periodic,0.2,0.0,155,1.0,1.2613899613899613,1.0,1.0,False,False,False,False,0.0034529009157869017,0.0001946468721412602,1.0,1.0,0.0
periodic,0.2,0.0,212,0.931369183829138,0.931369183829138,0.17,0.34,False,False,False,False,0.0073354539840434505,0.00019542977201871125,1.0,0.931369183829138,0.0
periodic,0.2,0.0,246,1.0,1.0042331167552667,1.0,1.0,False,False,False,False,0.001804331773846499,0.00019790755518020749,1.0,1.0,0.0
periodic,0.2,0.5,8,1.0,1.17497947454844,1.0,1.0,False,False,False,False,0.00032226244810620744,0.0002061469180367447,1.0,1.0,0.0
periodic,0.2,0.5,14,0.9898062581063554,0.9898062581063554,0.49,0.56,False,False,False,False,0.0011068204125880817,0.00019202397305416336,1.0,0.9898062581063554,0.0
periodic,0.2,0.5,29,1.0,1.3155365928659286,1.0,1.0,False,False,False,False,0.0013230662164609567,0.00018722518600165737,1.0,1.0,0.0
periodic,0.2,0.5,44,1.0,1.0569546364242828,1.0,1.0,False,False,False,False,0.001205097553383383,0.00020567141708245157,1.0,1.0,0.0
periodic,0.2,0.5,67,1.0,1.1611708309122604,1.0,1.0,False,False,False,False,0.0010339798398742801,0.00019889601880635266,1.0,1.0,0.0
periodic,0.2,0.5,116,0.8127149613069647,0.8127149613069647,0.2,0.28,False,False,False,False,0.001219339679523628,0.0001984360010080761,1.0,0.8127149613069647,0.0
periodic,0.2,0.5,119,1.0,1.0755516684607105,1.0,1.0,False,False,False,False,0.009010525808906256,0.0002072643200633929,1.0,1.0,0.0
periodic,0.2,0.5,120,1.0,1.0867495158166558,1.0,1.0,False,False,False,False,0.006871851792803708,0.00019266555473608147,1.0,1.0,0.0
periodic,0.2,0.5,192,1.0,1.387933012158752,1.0,1.0,False,False,False,False,0.010658031913855965,0.00019817392423210987,1.0,1.0,0.0
periodic,0.2,0.5,268,0.9993284279373978,0.9993284279373978,0.15,0.28,False,False,False,False,0.005871599510052107,0.00019387867496302525,1.0,0.9993284279373978,0.0
periodic,0.2,1.0,9,0.7224121918270855,0.7224121918270855,0.05,0.07,False,False,False,False,0.002052095082030058,0.0001988265146570771,1.0,0.7224121918270855,0.0
periodic,0.2,1.0,23,1.0,1.1897450753186558,1.0,1.0,False,False,False,False,0.003500516648925844,0.0001961119537064871,1.0,1.0,0.0
periodic,0.2,1.0,54,0.8913034606594842,0.8913034606594842,0.11,0.18,False,False,False,False,0.010792626945573978,0.00019366908727962942,1.0,0.8913034606594842,0.0
periodic,0.2,1.0,142,0.9438353987925008,0.9438353987925008,0.23,0.41,False,False,False,False,0.0017134718499546054,0.0001928612005277149,1.0,0.9438353987925008,0.0
periodic,0.2,1.0,146,1.0,1.2037760416666667,1.0,1.0,False,False,False,False,0.0006948508394172395,0.00019960142662534685,1.0,1.0,0.0
periodic,0.2,1.0,182,0.9195060393005228,0.9195060393005228,0.21,0.36,False,False,False,False,0.003674895373235343,0.00019693407591728055,1.0,0.9195060393005228,0.0
periodic,0.2,1.0,186,1.0,1.1009149357072205,1.0,1.0,False,False,False,False,0.0010185322236745196,0.00020062032600340218,1.0,1.0,0.0
periodic,0.2,1.0,189,0.9808690012970168,0.9808690012970168,0.19,0.42,False,False,False,False,0.0011051337469448995,0.0001947705336406319,1.0,0.9808690012970168,0.0
periodic,0.2,1.0,199,1.0,1.382481213097155,1.0,1.0,False,False,False,False,0.0012628510562495397,0.00019510878149611878,1.0,1.0,0.0
periodic,0.2,1.0,232,1.0,1.4526559645001305,1.0,1.0,False,False,False,False,0.003471475838298076,0.00019077097718405556,1.0,1.0,0.0
periodic,0.2,2.0,28,0.8952903796653797,0.8952903796653797,0.11,0.36,False,False,False,False,0.008112507375875294,0.00019069246257375226,1.0,0.8952903796653797,0.0
periodic,0.2,2.0,45,1.0,1.015858208955224,1.0,1.0,False,False,False,False,0.005256070756995087,0.00019841396629170102,1.0,1.0,0.0
periodic,0.2,2.0,57,1.0,1.009815705128205,1.0,1.0,False,False,False,False,0.000749088542629631,0.00020319706205019136,1.0,1.0,0.0
periodic,0.2,2.0,62,0.990600363856883,0.990600363856883,0.17,0.49,False,False,False,False,0.004098036173123211,0.0001934065882946579,1.0,0.990600363856883,0.0
periodic,0.2,2.0,75,1.0,1.0433305211848518,1.0,1.0,False,False,False,False,0.0014993776165279896,0.00019957644814150375,1.0,1.0,0.0
periodic,0.2,2.0,109,0.7331310246340592,0.7331310246340592,0.02,0.16,True,False,True,False,0.00939660838130828,0.00020420394985229545,1.0,0.7331310246340592,0.0
periodic,0.2,2.0,144,0.9175603217158177,0.9175603217158177,0.28,0.36,False,False,False,False,0.012563191993931872,0.0001952890003532462,1.0,0.9175603217158176,1.1102230246251565e-16
periodic,0.2,2.0,152,0.867348820058997,0.867348820058997,0.11,0.36,False,False,False,False,0.00416958221910815,0.0002202286549325238,1.0,0.867348820058997,0.0
periodic,0.2,2.0,190,0.8667707713662502,0.8667707713662502,0.09,0.33,False,False,False,False,0.004798825044372603,0.00019711864796715964,1.0,0.8667707713662502,0.0
periodic,0.2,2.0,243,0.7560089804543053,0.7560089804543053,0.12,0.14,False,False,False,False,0.007701960711658946,0.00018993523782831346,1.0,0.7560089804543053,0.0
periodic,0.2,4.0,26,0.8604827343199436,0.8604827343199436,0.06,0.19,False,False,False,False,0.024421024329019828,0.0001940820018370383,1.0,0.8604827343199436,0.0
periodic,0.2,4.0,31,1.0,1.2112722478576137,1.0,1.0,False,False,False,False,0.022690919552366972,0.0002016452819648416,1.0,1.0,0.0
periodic,0.2,4.0,63,1.0,1.0876062453806357,1.0,1.0,False,False,False,False,0.019317021408870295,0.0001960398163796922,1.0,1.0,0.0
periodic,0.2,4.0,81,0.9279131521399563,0.9279131521399563,0.08,0.3,False,False,False,False,0.003225712021947875,0.00019852491268228654,1.0,0.9279131521399564,1.1102230246251565e-16
periodic,0.2,4.0,108,1.0,1.1028661170003926,1.0,1.0,False,False,False,False,0.013069928918155754,0.00020129340985177365,1.0,1.0,0.0
periodic,0.2,4.0,126,0.9043348281016442,0.9043348281016442,0.16,0.35,False,False,False,False,0.0018867441003648001,0.0002079446506740872,1.0,0.9043348281016442,0.0
periodic,0.2,4.0,132,1.0,1.1168564780798433,1.0,1.0,False,False,False,False,0.0015704064384812904,0.00020678207301008688,1.0,1.0,0.0
periodic,0.2,4.0,168,1.0,1.330211726384365,1.0,1.0,False,False,False,False,0.017161535623978378,0.00018501468437263273,1.0,1.0,0.0
periodic,0.2,4.0,197,0.9096320346320347,0.9096320346320347,0.09,0.32,False,False,False,False,0.002089317473346744,0.00019794591741637127,1.0,0.9096320346320348,1.1102230246251565e-16
periodic,0.2,4.0,298,1.0,1.2866936390200046,1.0,1.0,False,False,False,False,0.007767553689923459,0.00021202869289351013,1.0,1.0,0.0
periodic,0.5,0.0,35,1.0,1.2544931471424876,1.0,1.0,False,False,False,False,0.001173776951121299,0.00020444392948820175,1.0,1.0,0.0
periodic,0.5,0.0,42,0.7728317659352142,0.7728317659352142,0.05,0.17,False,False,False,False,0.001118112815454213,0.00020295655857284747,1.0,0.7728317659352142,0.0
periodic,0.5,0.0,60,0.7549514563106796,0.7549514563106796,0.05,0.06,False,False,False,False,0.0014080598314608222,0.00019278268667731563,1.0,0.7549514563106796,0.0
periodic,0.5,0.0,130,0.9705441837244134,0.9705441837244134,0.22,0.27,False,False,False,False,0.008261129005688681,0.0002027271867804883,1.0,0.9705441837244134,0.0
periodic,0.5,0.0,178,0.9718441579114931,0.9718441579114931,0.36,0.36,False,False,False,False,0.004744395712133849,0.000197110068050077,1.0,0.9718441579114931,0.0
periodic,0.5,0.0,203,1.0,1.183170515097691,1.0,1.0,False,False,False,False,0.00033102888939638627,0.00021354392074807025,1.0,1.0,0.0
periodic,0.5,0.0,220,1.0,1.1454722431549862,1.0,1.0,False,False,False,False,0.0030735226088885975,0.00020663543806820093,1.0,1.0,0.0
periodic,0.5,0.0,229,1.0,1.1648039215686274,1.0,1.0,False,False,False,False,0.0005103381400007336,0.00021579049569036207,1.0,1.0,0.0
periodic,0.5,0.0,244,1.0,1.375374251497006,1.0,1.0,False,False,False,False,0.0043691535100321725,0.00020507156985543308,1.0,1.0,0.0
periodic,0.5,0.0,250,0.9939844302901628,0.9939844302901628,0.22,0.38,False,False,False,False,0.0005862497195138423,0.0002072513372407326,1.0,0.9939844302901628,0.0
periodic,0.5,0.5,1,1.0,1.1401537997587454,1.0,1.0,False,False,False,False,0.0007173386479366865,0.0002153501971092325,1.0,1.0,0.0
periodic,0.5,0.5,6,1.0,1.0989832535885167,1.0,1.0,False,False,False,False,0.0010333194586839994,0.00019787786996083127,1.0,1.0,0.0
periodic,0.5,0.5,32,1.0,1.2675438596491229,1.0,1.0,False,False,False,False,0.00033344487891941865,0.00019571990100360187,1.0,1.0,0.0
periodic,0.5,0.5,103,1.0,1.170134669906845,1.0,1.0,False,False,False,False,0.0038593978862353504,0.00019958416956223352,1.0,1.0,0.0
periodic,0.5,0.5,106,1.0,1.1852310231023102,1.0,1.0,False,False,False,False,0.005126868680248278,0.00020541121111287955,1.0,1.0,0.0
periodic,0.5,0.5,169,1.0,1.3732085067036524,1.0,1.0,False,False,False,False,0.0005038588263044687,0.00019604792002264417,1.0,1.0,0.0
periodic,0.5,0.5,229,1.0,1.2919205596930716,1.0,1.0,False,False,False,False,0.0005458395147189592,0.00020694749328286437,1.0,1.0,0.0
periodic,0.5,0.5,261,1.0,1.1713233701537795,1.0,1.0,False,False,False,False,0.0005754440322346284,0.00020456859936356006,1.0,1.0,0.0
periodic,0.5,0.5,268,0.7137587553105982,0.7137587553105982,0.02,0.02,True,True,False,False,0.007247364431486987,0.00020375719098104315,1.0,0.7137587553105982,0.0
periodic,0.5,1.0,11,1.0,1.403610108303249,1.0,1.0,False,False,False,False,0.0016683346409085355,0.000204757186468055,1.0,1.0,0.0
periodic,0.5,0.5,289,0.34995908651342705,0.34995908651342705,0.01,0.01,True,True,False,False,0.00040938116334546937,0.00020785171862354468,1.0,0.349959086513427,5.551115123125783e-17
periodic,0.5,1.0,35,1.0,1.2123711340206185,1.0,1.0,False,False,False,False,0.0004388897591052598,0.0002048026412002916,1.0,1.0,0.0
periodic,0.5,1.0,43,0.7501775568181818,0.7501775568181818,0.01,0.1,True,False,True,False,0.0006521786143456304,0.0001960849948001197,1.0,0.7501775568181818,0.0
periodic,0.5,1.0,58,1.0,1.09217999126256,1.0,1.0,False,False,False,False,0.001059392526383611,0.00020049291039614481,1.0,1.0,0.0
periodic,0.5,1.0,92,0.954954954954955,0.954954954954955,0.21,0.36,False,False,False,False,0.00036723051219058803,0.0001995934266506028,1.0,0.954954954954955,0.0
periodic,0.5,1.0,118,0.8412565249813572,0.8412565249813572,0.04,0.14,True,False,True,False,0.0016184452670544981,0.00020811330468887084,1.0,0.8412565249813572,0.0
periodic,0.5,1.0,122,0.9981954111884507,0.9981954111884507,0.32,0.43,False,False,False,False,0.0004981966322581825,0.00020298404007687478,1.0,0.9981954111884508,1.1102230246251565e-16
periodic,0.5,1.0,202,0.8750200320512821,0.8750200320512821,0.27,0.36,False,False,False,False,0.003009659480521532,0.00019530106340857526,1.0,0.8750200320512821,0.0
periodic,0.5,1.0,217,1.0,1.0549920445505172,1.0,1.0,False,False,False,False,0.003371772534268959,0.00021599216939559076,1.0,1.0,0.0
periodic,0.5,1.0,299,0.7567393859262523,0.7567393859262523,0.03,0.05,True,False,True,False,0.0005878731157140442,0.00021477734205561575,1.0,0.7567393859262523,0.0
periodic,0.5,2.0,26,0.9374303232998885,0.9374303232998885,0.31,0.27,False,False,False,False,0.0013368074832712945,0.00020977395738316467,1.0,0.9374303232998884,1.1102230246251565e-16
periodic,0.5,2.0,49,1.0,1.0952,1.0,1.0,False,False,False,False,0.004717518798092535,0.00020874403792519463,1.0,1.0,0.0
periodic,0.5,2.0,44,1.0,1.1771300448430493,1.0,1.0,False,False,False,False,0.0019251073097114628,0.00019080607859790568,1.0,1.0,0.0
periodic,0.5,2.0,116,1.0,1.5138776610078146,1.0,1.0,False,False,False,False,0.006078581209826564,0.00020482985195029383,1.0,1.0,0.0
periodic,0.5,2.0,141,0.9803328290468987,0.9803328290468987,0.19,0.4,False,False,False,False,0.0007012822571865054,0.0002162511215807937,1.0,0.9803328290468988,1.1102230246251565e-16
periodic,0.5,2.0,159,0.8716793168880456,0.8716793168880456,0.29,0.23,False,False,False,False,0.003673865469181145,0.0002114101899766062,1.0,0.8716793168880456,0.0
periodic,0.5,2.0,162,1.0,1.043849706129303,1.0,1.0,False,False,False,False,0.0005378905340920939,0.0002092131180239307,1.0,1.0,0.0
periodic,0.5,2.0,206,1.0,1.0487742594484168,1.0,1.0,False,False,False,False,0.0011656807234173422,0.0002009743752589597,1.0,1.0,0.0
periodic,0.5,2.0,225,1.0,1.014429644808743,1.0,1.0,False,False,False,False,0.0017744216338861395,0.0002104071973950486,1.0,1.0,0.0
periodic,0.5,4.0,47,1.0,1.0201491878531073,1.0,1.0,False,False,False,False,0.012384683962676456,0.00020432338690201812,1.0,1.0,0.0
periodic,0.5,2.0,250,1.0,1.090549497541159,1.0,1.0,False,False,False,False,0.0004945909734021434,0.00020951679505043004,1.0,1.0,0.0
periodic,0.5,4.0,77,1.0,1.0442450495049505,1.0,1.0,False,False,False,False,0.002531314175583508,0.0002035377248582829,1.0,1.0,0.0
periodic,0.5,4.0,103,1.0,1.1534478059416735,1.0,1.0,False,False,False,False,0.0016636320523299752,0.00019752392666344087,1.0,1.0,0.0
periodic,0.5,4.0,110,0.963716814159292,0.963716814159292,0.18,0.46,False,False,False,False,0.0010021627092515078,0.00020496574826214055,1.0,0.963716814159292,0.0
periodic,0.5,4.0,191,0.8446952929024643,0.8446952929024643,0.06,0.37,False,False,False,False,0.0017872672649312186,0.00020393302223852211,1.0,0.8446952929024643,0.0
periodic,0.5,4.0,201,0.9975650713685978,0.9975650713685978,0.2,0.61,False,False,False,False,0.0009107223323656285,0.00020300948183764493,1.0,0.9975650713685978,0.0
periodic,0.5,4.0,202,0.700136612021858,0.700136612021858,0.01,0.16,True,False,True,False,0.0016913957856029664,0.00020072325091538201,1.0,0.700136612021858,0.0
periodic,0.5,4.0,254,0.839765337856941,0.839765337856941,0.06,0.28,False,False,False,False,0.007843681759959245,0.00021367142023951958,1.0,0.839765337856941,0.0
periodic,0.5,4.0,210,0.6505244755244756,0.6505244755244756,0.02,0.16,True,False,True,False,0.0006759892137407566,0.0002110490435584815,1.0,0.6505244755244756,0.0
periodic,0.5,4.0,291,0.8949771689497716,0.8949771689497716,0.1,0.48,False,False,False,False,0.014866902368248176,0.00019906372487593676,1.0,0.8949771689497716,0.0
periodic,0.8,0.0,67,1.0,1.0231689088191331,1.0,1.0,False,False,False,False,0.0013700954675937352,0.00021634963809941867,1.0,1.0,0.0
periodic,0.8,0.0,72,1.0,1.3652912621359223,1.0,1.0,False,False,False,False,0.0014969800595842281,0.00021036698456385972,1.0,1.0,0.0
periodic,0.8,0.0,94,0.7200996677740864,0.7200996677740864,0.12,0.14,False,False,False,False,0.0018764252093148846,0.00021564050221030534,1.0,0.7200996677740864,0.0
periodic,0.8,0.0,142,1.0,1.1357347328244274,1.0,1.0,False,False,False,False,0.0013751937825849327,0.0002191030295420507,1.0,1.0,0.0
periodic,0.8,0.0,155,1.0,1.001545595054096,1.0,1.0,False,False,False,False,0.0014045503205148044,0.00021524504253786608,1.0,1.0,0.0
periodic,0.8,0.0,180,0.9392754608643095,0.9392754608643095,0.41,0.21,False,False,False,False,0.0009440267508056336,0.0002167069960409368,1.0,0.9392754608643096,1.1102230246251565e-16
periodic,0.8,0.0,164,1.0,1.0945152803076301,1.0,1.0,False,False,False,False,0.00243938566962435,0.00023187085124365354,1.0,1.0,0.0
periodic,0.8,0.0,205,0.824407564344005,0.824407564344005,0.07,0.07,False,False,False,False,0.00099616930732528,0.0002192849149817142,1.0,0.824407564344005,0.0
periodic,0.8,0.0,224,0.9010530934620448,0.9010530934620448,0.21,0.29,False,False,False,False,0.0005696437407374074,0.00022771487641592956,1.0,0.9010530934620448,0.0
periodic,0.8,0.5,43,0.6690898076631834,0.6690898076631834,0.07,0.05,False,False,False,False,0.001493863744160233,0.00021648091572906784,1.0,0.6690898076631834,0.0
periodic,0.8,0.0,291,1.0,1.2500286172161172,1.0,1.0,False,False,False,False,0.0024975871075864587,0.00021728115077495182,1.0,1.0,0.0
periodic,0.8,0.5,51,0.8730625334045965,0.8730625334045965,0.18,0.28,False,False,False,False,0.0013579096226824564,0.00021851265995468966,1.0,0.8730625334045965,0.0
periodic,0.8,0.5,88,0.8181995185499858,0.8181995185499858,0.36,0.32,False,False,False,False,0.0007004465629035088,0.00020579362764643804,1.0,0.8181995185499858,0.0
periodic,0.8,0.5,53,1.0,1.1874092511926986,1.0,1.0,False,False,False,False,0.0009028947115413031,0.000225108027021316,1.0,1.0,0.0
periodic,0.8,0.5,113,1.0,1.411764705882353,1.0,1.0,False,False,False,False,0.000871021548608163,0.00021697021898153023,1.0,1.0,0.0
periodic,0.8,0.5,152,1.0,1.0334372402327514,1.0,1.0,False,False,False,False,0.0007660436875963826,0.0002368308962048317,1.0,1.0,0.0
periodic,0.8,0.5,224,1.0,1.0324919668526975,1.0,1.0,False,False,False,False,0.0022883037459038706,0.00020960631197051765,1.0,1.0,0.0
periodic,0.8,0.5,248,0.9122422915526364,0.9122422915526364,0.24,0.43,False,False,False,False,0.0006326078000907724,0.0002130450446291029,1.0,0.9122422915526364,0.0
periodic,0.8,0.5,249,0.8853978640192539,0.8853978640192539,0.2,0.32,False,False,False,False,0.0006968929127895026,0.00022366807746803337,1.0,0.8853978640192539,0.0
periodic,0.8,0.5,293,0.7736997341309405,0.7736997341309405,0.05,0.15,False,False,False,False,0.002748171614843824,0.00021582592171566942,1.0,0.7736997341309405,0.0
periodic,0.8,1.0,12,0.9456003811944091,0.9456003811944091,0.15,0.31,False,False,False,False,0.0009298206600513659,0.0002131938662655368,1.0,0.9456003811944091,0.0
periodic,0.8,1.0,18,1.0,1.267438486536676,1.0,1.0,False,False,False,False,0.0015654668091829368,0.00021389315633648864,1.0,1.0,0.0
periodic,0.8,1.0,5,0.8533341455490578,0.8533341455490578,0.07,0.14,False,False,False,False,0.0019418961548077207,0.00023059338522703942,1.0,0.8533341455490578,0.0
periodic,0.8,1.0,20,1.0,1.0248848987108656,1.0,1.0,False,False,False,False,0.0014001995082058383,0.00021292562286981506,1.0,1.0,0.0
periodic,0.8,1.0,87,1.0,1.3741836734693877,1.0,1.0,False,False,False,False,0.0005990831878563072,0.0002121177261886591,1.0,1.0,0.0
periodic,0.8,1.0,145,0.8472918989223337,0.8472918989223337,0.06,0.11,False,False,False,False,0.0015673538455207355,0.00021317442337903867,1.0,0.8472918989223337,0.0
periodic,0.8,1.0,197,0.9154260192395786,0.9154260192395786,0.12,0.3,False,False,False,False,0.0005609159900519537,0.0002173502079272955,1.0,0.9154260192395786,0.0
periodic,0.8,1.0,212,0.9316749585406302,0.9316749585406302,0.45,0.35,False,False,False,False,0.0026527495162252967,0.00022070111313921397,1.0,0.9316749585406302,0.0
periodic,0.8,1.0,213,0.8368193891102258,0.8368193891102258,0.11,0.19,False,False,False,False,0.0008166284655571493,0.0002103496745409772,1.0,0.8368193891102258,0.0
periodic,0.8,2.0,24,0.8706028203936154,0.8706028203936154,0.16,0.33,False,False,False,False,0.0005437924073402842,0.00021788187221245627,1.0,0.8706028203936154,0.0
periodic,0.8,1.0,244,1.0,1.1895663496376812,1.0,1.0,False,False,False,False,0.0007257689929737024,0.00021537194981095342,1.0,1.0,0.0
periodic,0.8,2.0,70,1.0,1.3338946117274169,1.0,1.0,False,False,False,False,0.002656256862303734,0.00022470759184867506,1.0,1.0,0.0
periodic,0.8,2.0,162,1.0,1.0842133051742344,1.0,1.0,False,False,False,False,0.0013329525928635435,0.00021504237754668397,1.0,1.0,0.0
periodic,0.8,2.0,102,0.8227431297166453,0.8227431297166453,0.08,0.15,False,False,False,False,0.00034039386750298273,0.0002225783596317288,1.0,0.8227431297166453,0.0
periodic,0.8,2.0,95,0.9744844873250095,0.9744844873250095,0.29,0.43,False,False,False,False,0.0010511960694525766,0.00021998477886845693,1.0,0.9744844873250096,1.1102230246251565e-16
periodic,0.8,2.0,163,0.9409094609998372,0.9409094609998372,0.28,0.38,False,False,False,False,0.0018081203936037942,0.00022155273276125488,1.0,0.9409094609998372,0.0
periodic,0.8,2.0,273,1.0,1.010393535652603,1.0,1.0,False,False,False,False,0.0031020232348998628,0.00021153032978772824,1.0,1.0,0.0
periodic,0.8,2.0,264,1.0,1.0009863701578192,1.0,1.0,False,False,False,False,0.0005906897016262518,0.0002156439464133947,1.0,1.0,0.0
periodic,0.8,2.0,250,1.0,1.0881270579120665,1.0,1.0,False,False,False,False,0.0012991509259356324,0.0002228826941662672,1.0,1.0,0.0
periodic,0.8,2.0,299,1.0,1.1415149735760424,1.0,1.0,False,False,False,False,0.0077272895545099736,0.00023997857644220082,1.0,1.0,0.0
periodic,0.8,4.0,61,0.7688463391136802,0.7688463391136802,0.05,0.19,False,False,False,False,0.0033225924003380944,0.00022854991709545067,1.0,0.7688463391136802,0.0
periodic,0.8,4.0,67,1.0,1.1690382370110917,1.0,1.0,False,False,False,False,0.00034082936256432753,0.00022180691728238857,1.0,1.0,0.0
periodic,0.8,4.0,86,1.0,1.028601900329649,1.0,1.0,False,False,False,False,0.0003834224123393138,0.00022637061068291406,1.0,1.0,0.0
periodic,0.8,4.0,75,0.7883763356789159,0.7883763356789159,0.03,0.26,True,False,True,False,0.0015486567760912135,0.00022290284362691537,1.0,0.7883763356789159,0.0
periodic,0.8,4.0,111,1.0,1.2680044416243654,1.0,1.0,False,False,False,False,0.0009279550561046863,0.0002128298062783635,1.0,1.0,0.0
periodic,0.8,4.0,195,0.9299057829759584,0.9299057829759584,0.34,0.69,False,False,False,False,0.0010125708105095165,0.00020760356133345476,1.0,0.9299057829759584,0.0
periodic,0.8,4.0,121,1.0,1.023122570083896,1.0,1.0,False,False,False,False,0.0008707370854560654,0.0002318808437745447,1.0,1.0,0.0
periodic,0.8,4.0,115,1.0,1.0156482514880953,1.0,1.0,False,False,False,False,0.0005076399734556271,0.00023072238653203228,1.0,1.0,0.0
periodic,0.8,4.0,199,1.0,1.0703703703703704,1.0,1.0,False,False,False,False,0.004598426926771804,0.0002087552152101043,1.0,1.0,0.0
periodic,0.8,4.0,264,0.9933571793561574,0.9933571793561574,0.21,0.51,False,False,False,False,0.0011008728840821635,0.0002107278943443585,1.0,0.9933571793561574,0.0
tinnov,0.2,0.0,26,0.67570385818561,0.67570385818561,0.02,0.02,True,True,False,False,0.002693372411214613,0.00028535458520239623,1.0,0.67570385818561,0.0
tinnov,0.2,0.0,60,0.7792272331966704,0.7792272331966704,0.08,0.12,False,False,False,False,0.0005145324456318846,0.00026019232723521594,1.0,0.7792272331966704,0.0
tinnov,0.2,0.0,112,1.0,1.1032296025104602,1.0,1.0,False,False,False,False,0.008378347151459464,0.0002531258948814425,1.0,1.0,0.0
tinnov,0.2,0.0,124,1.0,1.0952,1.0,1.0,False,False,False,False,0.0041027981781999205,0.00028014001569704274,1.0,1.0,0.0
tinnov,0.2,0.0,125,1.0,1.255304969076562,1.0,1.0,False,False,False,False,0.0028232358305586326,0.0002667318125029879,1.0,1.0,0.0
tinnov,0.2,0.0,139,0.9655895078420768,0.9655895078420768,0.24,0.36,False,False,False,False,0.001103401135801501,0.00029234488075403415,1.0,0.9655895078420768,0.0
tinnov,0.2,0.0,142,0.8907640638119227,0.8907640638119227,0.12,0.34,False,False,False,False,0.0029392417068194194,0.0002597927679028414,1.0,0.8907640638119227,0.0
tinnov,0.2,0.0,210,1.0,1.0558006070954278,1.0,1.0,False,False,False,False,0.005293244693877032,0.0002660132401110715,1.0,1.0,0.0
tinnov,0.2,0.0,150,1.0,1.0052787162162162,1.0,1.0,False,False,False,False,0.0006967259604247642,0.0002770135167184286,1.0,1.0,0.0
tinnov,0.2,0.0,216,1.0,1.215,1.0,1.0,False,False,False,False,0.00045294063274190454,0.00025038814578762117,1.0,1.0,0.0
tinnov,0.2,0.5,75,1.0,1.4537812041116005,1.0,1.0,False,False,False,False,0.0030603954816600114,0.0002569181934478437,1.0,1.0,0.0
tinnov,0.2,0.5,82,1.0,1.098136495643756,1.0,1.0,False,False,False,False,0.0018880320007129154,0.00025831140947961184,1.0,1.0,0.0
tinnov,0.2,0.5,123,0.9868421052631579,0.9868421052631579,0.2,0.45,False,False,False,False,0.0013145015302433785,0.0002549175260212252,1.0,0.986842105263158,1.1102230246251565e-16
tinnov,0.2,0.5,139,1.0,1.1337888690829867,1.0,1.0,False,False,False,False,0.002352729457611109,0.00025166705652075174,1.0,1.0,0.0
tinnov,0.2,0.5,166,1.0,1.3179246538871139,1.0,1.0,False,False,False,False,0.0008239457700985028,0.00027146558238767344,1.0,1.0,0.0
tinnov,0.2,0.5,217,1.0,1.3772507685551163,1.0,1.0,False,False,False,False,0.003416890245795533,0.00024829567203260095,1.0,1.0,0.0
tinnov,0.2,0.5,234,0.7470784385707293,0.7470784385707293,0.03,0.06,True,False,True,False,0.001137782222233963,0.0002472724122299106,1.0,0.7470784385707293,0.0
tinnov,0.2,0.5,237,1.0,1.406328320802005,1.0,1.0,False,False,False,False,0.0006362302313044107,0.00029857663475865666,1.0,1.0,0.0
tinnov,0.2,0.5,255,1.0,1.150474956822107,1.0,1.0,False,False,False,False,0.000604314837458438,0.0002455332040936614,1.0,1.0,0.0
tinnov,0.2,0.5,293,1.0,1.07625786163522,1.0,1.0,False,False,False,False,0.0021522087158749367,0.0002633203050447575,1.0,1.0,0.0
tinnov,0.2,1.0,1,0.7948265726043504,0.7948265726043504,0.09,0.22,False,False,False,False,0.0007803702781643499,0.00026608436014081754,1.0,0.7948265726043504,0.0
tinnov,0.2,1.0,4,1.0,1.4357459379615953,1.0,1.0,False,False,False,False,0.00337835501216219,0.0002673483427677827,1.0,1.0,0.0
tinnov,0.2,1.0,24,1.0,1.3512567476383266,1.0,1.0,False,False,False,False,0.0030004151047391984,0.0002650639749124006,1.0,1.0,0.0
tinnov,0.2,1.0,53,0.7483600583090378,0.7483600583090378,0.04,0.08,True,False,True,False,0.00037260527605977457,0.00024988745265474183,1.0,0.7483600583090378,0.0
tinnov,0.2,1.0,96,0.9718680429062942,0.9718680429062942,0.24,0.34,False,False,False,False,0.008383444143682197,0.0002898306458416153,1.0,0.9718680429062942,0.0
tinnov,0.2,1.0,70,0.9026162790697675,0.9026162790697675,0.13,0.29,False,False,False,False,0.003173372774845546,0.0002733848223906056,1.0,0.9026162790697676,1.1102230246251565e-16
tinnov,0.2,1.0,102,1.0,1.565349143610013,1.0,1.0,False,False,False,False,0.00421397928202766,0.0002639397154470679,1.0,1.0,0.0
tinnov,0.2,1.0,177,1.0,1.240751730959446,1.0,1.0,False,False,False,False,0.00106210420792675,0.0002528161452632424,1.0,1.0,0.0
tinnov,0.2,1.0,226,1.0,1.082556270096463,1.0,1.0,False,False,False,False,0.0004104331123319549,0.0002622535164246789,1.0,1.0,0.0
tinnov,0.2,1.0,283,0.888552324537785,0.888552324537785,0.27,0.27,False,False,False,False,0.0003003057777758392,0.00025847417505229587,1.0,0.888552324537785,0.0
tinnov,0.2,2.0,32,0.6447368421052632,0.6447368421052632,0.01,0.09,True,False,True,False,0.0031061146961147354,0.00027583591214346324,1.0,0.6447368421052632,0.0
tinnov,0.2,2.0,152,1.0,1.2018275725069527,1.0,1.0,False,False,False,False,0.0010008786662299898,0.00025425556084456523,1.0,1.0,0.0
tinnov,0.2,2.0,187,1.0,1.23984375,1.0,1.0,False,False,False,False,0.0050176894459933175,0.00027308088133798413,1.0,1.0,0.0
tinnov,0.2,2.0,158,0.9270880361173814,0.9270880361173814,0.21,0.33,False,False,False,False,0.0012355114316057586,0.00025970528819910216,1.0,0.9270880361173814,0.0
tinnov,0.2,2.0,193,1.0,1.151801152737752,1.0,1.0,False,False,False,False,0.0057866844925034905,0.00027892578606717876,1.0,1.0,0.0
tinnov,0.2,2.0,241,0.986926123504688,0.986926123504688,0.26,0.56,False,False,False,False,0.010667811184358106,0.00025734973200031624,1.0,0.986926123504688,0.0
tinnov,0.2,2.0,199,1.0,1.1274469067405355,1.0,1.0,False,False,False,False,0.004495732957299363,0.0002491477462646921,1.0,1.0,0.0
tinnov,0.2,2.0,263,0.6853754940711463,0.6853754940711463,0.03,0.12,True,False,True,False,0.0016253295049460676,0.0002292642946751988,1.0,0.6853754940711463,0.0
tinnov,0.2,2.0,276,1.0,1.0227562352084472,1.0,1.0,False,False,False,False,0.0011220662807469614,0.00026491263332018515,1.0,1.0,0.0
tinnov,0.2,2.0,285,1.0,1.0788919696036148,1.0,1.0,False,False,False,False,0.000852963636802064,0.000306778693696451,1.0,1.0,0.0
tinnov,0.2,4.0,29,0.962278675904542,0.962278675904542,0.3,0.36,False,False,False,False,0.0014467172267026774,0.0002499205785400347,1.0,0.962278675904542,0.0
tinnov,0.2,4.0,41,0.8848925848925849,0.8848925848925849,0.13,0.19,False,False,False,False,0.0022956215791903804,0.0002650757187597195,1.0,0.8848925848925849,0.0
tinnov,0.2,4.0,51,0.9722440600978337,0.9722440600978337,0.23,0.39,False,False,False,False,0.006308350588801165,0.00027190411997681457,1.0,0.9722440600978336,1.1102230246251565e-16
tinnov,0.2,4.0,67,0.9883013674302966,0.9883013674302966,0.2,0.4,False,False,False,False,0.011058272838868032,0.00026290068008787945,1.0,0.9883013674302966,0.0
tinnov,0.2,4.0,79,1.0,1.3418913136499786,1.0,1.0,False,False,False,False,0.006177722079764086,0.00025095078625848914,1.0,1.0,0.0
tinnov,0.2,4.0,86,0.7817288233593525,0.7817288233593525,0.03,0.07,True,False,True,False,0.0040281726390340635,0.00025539635593744344,1.0,0.7817288233593525,0.0
tinnov,0.2,4.0,171,1.0,1.2781191479400749,1.0,1.0,False,False,False,False,0.008622204527398446,0.00024907328995614654,1.0,1.0,0.0
tinnov,0.2,4.0,195,0.9988828674652975,0.9988828674652975,0.3,0.35,False,False,False,False,0.00930899248334062,0.0002634227790417299,1.0,0.9988828674652976,1.1102230246251565e-16
tinnov,0.2,4.0,174,1.0,1.2666429475015812,1.0,1.0,False,False,False,False,0.002432822604277109,0.0002559825873018371,1.0,1.0,0.0
tinnov,0.2,4.0,261,1.0,1.37044356609574,1.0,1.0,False,False,False,False,0.0014951577016806233,0.0002603762093141604,1.0,1.0,0.0
tinnov,0.5,0.0,26,1.0,1.2121092930564297,1.0,1.0,False,False,False,False,0.002193749751132664,0.0002548558733415117,1.0,1.0,0.0
tinnov,0.5,0.0,110,0.8119905845980888,0.8119905845980888,0.06,0.1,False,False,False,False,0.0005339123143224674,0.0002950700294101616,1.0,0.8119905845980888,0.0
tinnov,0.5,0.0,109,0.8742608154372861,0.8742608154372861,0.12,0.11,False,False,False,False,0.0004664210076857059,0.00028057845359726123,1.0,0.8742608154372861,0.0
tinnov,0.5,0.0,112,1.0,1.1934185606060606,1.0,1.0,False,False,False,False,0.00038868320631290157,0.0002518741918866148,1.0,1.0,0.0
tinnov,0.5,0.0,113,1.0,1.0552939124367695,1.0,1.0,False,False,False,False,0.0018487818841927944,0.00024759256573738336,1.0,1.0,0.0
tinnov,0.5,0.0,131,0.9521561221277935,0.9521561221277935,0.21,0.23,False,False,False,False,0.0002485318499109921,0.000310028687242604,1.0,0.9521561221277935,0.0
tinnov,0.5,0.0,130,1.0,1.1077277970011534,1.0,1.0,False,False,False,False,0.0006922140987504434,0.00025031679953696067,1.0,1.0,0.0
tinnov,0.5,0.0,158,0.6543603912601627,0.6543603912601627,0.01,0.04,True,True,False,False,0.004749597733275798,0.00033136094054179766,1.0,0.6543603912601627,0.0
tinnov,0.5,0.0,205,0.9229505503532117,0.9229505503532117,0.08,0.22,False,False,False,False,0.0008097529290154777,0.00028010733429840686,1.0,0.9229505503532116,1.1102230246251565e-16
tinnov,0.5,0.0,265,1.0,1.2703782006107587,1.0,1.0,False,False,False,False,0.0004448213191228979,0.00028202452743562547,1.0,1.0,0.0
tinnov,0.5,0.5,13,1.0,1.2849881029634436,1.0,1.0,False,False,False,False,0.0006443947796412925,0.0002817092287129862,1.0,1.0,0.0
tinnov,0.5,0.5,30,1.0,1.472043010752688,1.0,1.0,False,False,False,False,0.0011296243313203547,0.0002553481539381708,1.0,1.0,0.0
tinnov,0.5,0.5,59,1.0,1.0708492366412214,1.0,1.0,False,False,False,False,0.005705801733965671,0.00029853503966225016,1.0,1.0,0.0
tinnov,0.5,0.5,45,0.9800252525252525,0.9800252525252525,0.15,0.33,False,False,False,False,0.0002974147205249355,0.00026052427651325103,1.0,0.9800252525252524,1.1102230246251565e-16
tinnov,0.5,0.5,87,0.9311040898718623,0.9311040898718623,0.15,0.3,False,False,False,False,0.0008953859898037611,0.0002608295992482159,1.0,0.9311040898718624,1.1102230246251565e-16
tinnov,0.5,0.5,110,0.5924402663533098,0.5924402663533098,0.01,0.02,True,True,False,False,0.0016833874991213588,0.0002659517673084183,1.0,0.5924402663533098,0.0
tinnov,0.5,0.5,143,1.0,1.3357108892058964,1.0,1.0,False,False,False,False,0.0014164568652947067,0.0002712712570132175,1.0,1.0,0.0
tinnov,0.5,0.5,236,1.0,1.1918574669966997,1.0,1.0,False,False,False,False,0.000558722261219259,0.00024905360911909723,1.0,1.0,0.0
tinnov,0.5,0.5,260,0.9935607961197525,0.9935607961197525,0.38,0.47,False,False,False,False,0.0003418531589735139,0.0003025764287746726,1.0,0.9935607961197525,0.0
tinnov,0.5,0.5,270,0.5761904761904761,0.5761904761904761,0.01,0.02,True,True,False,False,0.0013713398279393348,0.0002637778928964834,1.0,0.5761904761904761,0.0
tinnov,0.5,1.0,7,1.0,1.0769717800289436,1.0,1.0,False,False,False,False,0.006332320455667555,0.0002813088061046038,1.0,1.0,0.0
tinnov,0.5,1.0,53,0.8384793447293447,0.8384793447293447,0.14,0.15,False,False,False,False,0.0013226225933911247,0.00024117062315539179,1.0,0.8384793447293447,0.0
tinnov,0.5,1.0,84,0.9995293058284217,0.9995293058284217,0.16,0.4,False,False,False,False,0.0021745416114606585,0.0002735252517080858,1.0,0.9995293058284216,1.1102230246251565e-16
tinnov,0.5,1.0,91,0.5239857106404695,0.5239857106404695,0.01,0.03,True,True,False,False,0.0027960913686675723,0.00026097568699630656,1.0,0.5239857106404695,0.0
tinnov,0.5,1.0,190,0.9961989032901296,0.9961989032901296,0.3,0.37,False,False,False,False,0.0011521515050415757,0.0002716496818149563,1.0,0.9961989032901296,0.0
tinnov,0.5,1.0,203,1.0,1.1037244794825147,1.0,1.0,False,False,False,False,0.0029703165206070403,0.00027119043127464597,1.0,1.0,0.0
tinnov,0.5,1.0,252,1.0,1.1457713662502478,1.0,1.0,False,False,False,False,0.0007741204003004207,0.00026085094416907303,1.0,1.0,0.0
tinnov,0.5,1.0,269,1.0,1.0928072111846947,1.0,1.0,False,False,False,False,0.005913832265035457,0.000283205167191447,1.0,1.0,0.0
tinnov,0.5,1.0,270,0.9576666666666667,0.9576666666666667,0.31,0.45,False,False,False,False,0.0011877295632065875,0.00023328151460179903,1.0,0.9576666666666668,1.1102230246251565e-16
tinnov,0.5,1.0,284,0.9617234083477592,0.9617234083477592,0.32,0.25,False,False,False,False,0.0026576293698833643,0.0002416217892382541,1.0,0.9617234083477592,0.0
tinnov,0.5,2.0,13,0.8746319199057715,0.8746319199057715,0.13,0.17,False,False,False,False,0.005301494332238887,0.0002443941064628495,1.0,0.8746319199057715,0.0
tinnov,0.5,2.0,32,1.0,1.2537007454739084,1.0,1.0,False,False,False,False,0.0034980242399265536,0.0002880928133518394,1.0,1.0,0.0
tinnov,0.5,2.0,100,1.0,1.1801541425818882,1.0,1.0,False,False,False,False,0.0049334664548694,0.0003096553469229788,1.0,1.0,0.0
tinnov,0.5,2.0,146,1.0,1.0894179159726078,1.0,1.0,False,False,False,False,0.002229475063774875,0.000280945786624153,1.0,1.0,0.0
tinnov,0.5,2.0,116,1.0,1.0723237597911228,1.0,1.0,False,False,False,False,0.0013549535801097514,0.00028627449745277964,1.0,1.0,0.0
tinnov,0.5,2.0,175,0.5759647081636611,0.5759647081636611,0.02,0.01,True,True,False,False,0.0030730186645610944,0.00028484765493206173,1.0,0.5759647081636611,0.0
tinnov,0.5,2.0,188,0.9188728165938864,0.9188728165938864,0.1,0.19,False,False,False,False,0.0019506672875410417,0.00024207178122515171,1.0,0.9188728165938864,0.0
tinnov,0.5,2.0,277,1.0,1.3155820105820106,1.0,1.0,False,False,False,False,0.008943424944749987,0.00023920913589084932,1.0,1.0,0.0
tinnov,0.5,2.0,225,0.9346710646875572,0.9346710646875572,0.25,0.27,False,False,False,False,0.00031251212115218033,0.00027777431900948674,1.0,0.9346710646875572,0.0
tinnov,0.5,2.0,288,0.8031376518218624,0.8031376518218624,0.08,0.1,False,False,False,False,0.00038213809927576005,0.0002635449937378294,1.0,0.8031376518218624,0.0
tinnov,0.5,4.0,2,0.819734198732808,0.819734198732808,0.03,0.37,True,False,True,False,0.009855524373936905,0.0002429100648405196,1.0,0.819734198732808,0.0
tinnov,0.5,4.0,20,0.7756975789905621,0.7756975789905621,0.03,0.35,True,False,True,False,0.0023833331002827726,0.0002745529167219723,1.0,0.7756975789905621,0.0
tinnov,0.5,4.0,44,1.0,1.1416207529843894,1.0,1.0,False,False,False,False,0.003436143817645958,0.00026793587367998336,1.0,1.0,0.0
tinnov,0.5,4.0,98,1.0,1.0572825024437928,1.0,1.0,False,False,False,False,0.011067291588415986,0.0002532007767694338,1.0,1.0,0.0
tinnov,0.5,4.0,133,0.6458588487446417,0.6458588487446417,0.01,0.08,True,False,True,False,0.00025433942079240365,0.0002556286550997776,1.0,0.6458588487446417,0.0
tinnov,0.5,4.0,240,0.8917132541346378,0.8917132541346378,0.06,0.35,False,False,False,False,0.008492225988464556,0.00025097065134701337,1.0,0.8917132541346378,0.0
tinnov,0.5,4.0,223,1.0,1.2067481884057971,1.0,1.0,False,False,False,False,0.004607568581779984,0.00024561718543058647,1.0,1.0,0.0
tinnov,0.5,4.0,171,1.0,1.1052206673842842,1.0,1.0,False,False,False,False,0.002495294919609672,0.000253825870174749,1.0,1.0,0.0
tinnov,0.5,4.0,271,0.9429171729445119,0.9429171729445119,0.11,0.5,False,False,False,False,0.0005377007956501777,0.0002727686216193732,1.0,0.942917172944512,1.1102230246251565e-16
tinnov,0.5,4.0,280,0.8519926770877341,0.8519926770877341,0.13,0.46,False,False,False,False,0.0049240393916350255,0.0002614740801143118,1.0,0.8519926770877341,0.0
tinnov,0.8,0.0,34,1.0,1.0938013136288998,1.0,1.0,False,False,False,False,0.0008518127443612963,0.0002414509364190512,1.0,1.0,0.0
tinnov,0.8,0.0,35,0.8072358852307285,0.8072358852307285,0.07,0.22,False,False,False,False,0.0011236990709001457,0.0002478674261566469,1.0,0.8072358852307285,0.0
tinnov,0.8,0.0,47,1.0,1.0701805474665114,1.0,1.0,False,False,False,False,0.0005827590154175177,0.00022292080657466062,1.0,1.0,0.0
tinnov,0.8,0.0,84,0.9275208333333333,0.9275208333333333,0.28,0.13,False,False,False,False,0.0014066346943635737,0.000260568316676357,1.0,0.9275208333333332,1.1102230246251565e-16
tinnov,0.8,0.0,123,0.8352601156069365,0.8352601156069365,0.24,0.19,False,False,False,False,0.0012165276370871142,0.00030638508807671866,1.0,0.8352601156069365,0.0
tinnov,0.8,0.0,212,0.94253840842396,0.94253840842396,0.23,0.27,False,False,False,False,0.0010768717824205846,0.00024427917157688526,1.0,0.94253840842396,0.0
tinnov,0.8,0.0,218,1.0,1.0888583441138422,1.0,1.0,False,False,False,False,0.0006356293269209995,0.00023208451934724375,1.0,1.0,0.0
tinnov,0.8,0.0,238,1.0,1.1461219563392107,1.0,1.0,False,False,False,False,0.001985302346525416,0.0002524778517639738,1.0,1.0,0.0
tinnov,0.8,0.0,266,0.8074308485700891,0.8074308485700891,0.12,0.22,False,False,False,False,0.0013932011431019155,0.00025875171795888754,1.0,0.8074308485700891,0.0
tinnov,0.8,0.0,292,1.0,1.024780426599749,1.0,1.0,False,False,False,False,0.00043247352158047516,0.0003932214136072545,1.0,1.0,0.0
tinnov,0.8,0.5,8,1.0,1.2901878372768785,1.0,1.0,False,False,False,False,0.0010209856055940268,0.00028679293897796175,1.0,1.0,0.0
tinnov,0.8,0.5,50,0.7807131514364083,0.7807131514364083,0.09,0.23,False,False,False,False,0.000490991231041391,0.00023474595196726672,1.0,0.7807131514364083,0.0
tinnov,0.8,0.5,79,0.893108793686584,0.893108793686584,0.23,0.23,False,False,False,False,0.001321740396790463,0.00024633662609253236,1.0,0.893108793686584,0.0
tinnov,0.8,0.5,136,0.9281714785651793,0.9281714785651793,0.15,0.26,False,False,False,False,0.0005206519396759531,0.00027366082907783374,1.0,0.9281714785651792,1.1102230246251565e-16
tinnov,0.8,0.5,187,1.0,1.0582439564181136,1.0,1.0,False,False,False,False,0.0006560319054109604,0.0002692023244595533,1.0,1.0,0.0
tinnov,0.8,0.5,198,0.8089272858171346,0.8089272858171346,0.12,0.19,False,False,False,False,0.002092170024422185,0.00025294736133894716,1.0,0.8089272858171346,0.0
tinnov,0.8,0.5,222,0.9187289088863893,0.9187289088863893,0.07,0.12,False,False,False,False,0.0013930188077989523,0.00025842880288653905,1.0,0.9187289088863893,0.0
tinnov,0.8,0.5,238,1.0,1.082556270096463,1.0,1.0,False,False,False,False,0.0006546086557490357,0.00031343402267613904,1.0,1.0,0.0
tinnov,0.8,0.5,241,1.0,1.2969977553310887,1.0,1.0,False,False,False,False,0.0010602437285746375,0.0002232970306333157,1.0,1.0,0.0
tinnov,0.8,0.5,264,0.9746368135376756,0.9746368135376756,0.39,0.47,False,False,False,False,0.0012078836866127591,0.00044942423636697756,1.0,0.9746368135376756,0.0
tinnov,0.8,1.0,6,0.9081577920811391,0.9081577920811391,0.1,0.23,False,False,False,False,0.0008934242314713886,0.00025762200110697356,1.0,0.9081577920811392,1.1102230246251565e-16
tinnov,0.8,1.0,36,1.0,1.1137045369328833,1.0,1.0,False,False,False,False,0.0009777843222659266,0.00023059689147452792,1.0,1.0,0.0
tinnov,0.8,1.0,80,1.0,1.410781990521327,1.0,1.0,False,False,False,False,0.009099437831187236,0.0002452501499798814,1.0,1.0,0.0
tinnov,0.8,1.0,147,0.8590366769774636,0.8590366769774636,0.19,0.22,False,False,False,False,0.0005504745819671744,0.00030215330441370615,1.0,0.8590366769774636,0.0
tinnov,0.8,1.0,150,0.879839312406577,0.879839312406577,0.21,0.28,False,False,False,False,0.0007694087883523764,0.0003549922525744562,1.0,0.879839312406577,0.0
tinnov,0.8,1.0,179,0.9135448245993937,0.9135448245993937,0.11,0.24,False,False,False,False,0.0015764980432849659,0.00023395815850008335,1.0,0.9135448245993936,1.1102230246251565e-16
tinnov,0.8,1.0,187,1.0,1.0916828793774318,1.0,1.0,False,False,False,False,0.0005512255314799989,0.00026167682933766524,1.0,1.0,0.0
tinnov,0.8,1.0,217,0.8796327493261455,0.8796327493261455,0.21,0.24,False,False,False,False,0.0008102323954916351,0.0002560743073313151,1.0,0.8796327493261455,0.0
tinnov,0.8,1.0,263,1.0,1.1194318915429309,1.0,1.0,False,False,False,False,0.0012458373854137158,0.00023769109405951248,1.0,1.0,0.0
tinnov,0.8,1.0,268,0.8957880926529135,0.8957880926529135,0.32,0.42,False,False,False,False,0.002079572888913132,0.0002398327571427375,1.0,0.8957880926529135,0.0
tinnov,0.8,2.0,0,0.7672232250300842,0.7672232250300842,0.21,0.27,False,False,False,False,0.004033090924353243,0.00024523013785243057,1.0,0.7672232250300842,0.0
tinnov,0.8,2.0,4,0.9227577169481654,0.9227577169481654,0.28,0.42,False,False,False,False,0.0007207797162657106,0.0002854849876249616,1.0,0.9227577169481654,0.0
tinnov,0.8,2.0,17,0.9314048291000313,0.9314048291000313,0.4,0.42,False,False,False,False,0.00034760143153582103,0.0003060212848258408,1.0,0.9314048291000312,1.1102230246251565e-16
tinnov,0.8,2.0,29,0.6947339169098236,0.6947339169098236,0.02,0.07,True,False,True,False,0.0006977997020379558,0.00025380203925823584,1.0,0.6947339169098236,0.0
tinnov,0.8,2.0,155,0.8650031989763276,0.8650031989763276,0.1,0.25,False,False,False,False,0.00045145371687679647,0.0002997295698172835,1.0,0.8650031989763276,0.0
tinnov,0.8,2.0,196,1.0,1.311984473556526,1.0,1.0,False,False,False,False,0.00027803188603173993,0.000271337141037961,1.0,1.0,0.0
tinnov,0.8,2.0,183,1.0,1.2967455225875435,1.0,1.0,False,False,False,False,0.0007480427977822399,0.0002774569321734965,1.0,1.0,0.0
tinnov,0.8,2.0,206,1.0,1.4047010228166799,1.0,1.0,False,False,False,False,0.002489442107971889,0.00027432572975896405,1.0,1.0,0.0
tinnov,0.8,2.0,253,1.0,1.1363021847285313,1.0,1.0,False,False,False,False,0.0004470089215145464,0.00024278690926938162,1.0,1.0,0.0
tinnov,0.8,4.0,40,0.5332000888296691,0.5332000888296691,0.01,0.01,True,True,False,False,0.00469934203883696,0.0002396807215054123,1.0,0.5332000888296691,0.0
tinnov,0.8,2.0,262,1.0,1.0674289316827144,1.0,1.0,False,False,False,False,0.0004657159364951854,0.00026115272769264264,1.0,1.0,0.0
tinnov,0.8,4.0,71,0.7585442585442586,0.7585442585442586,0.05,0.14,False,False,False,False,0.0008543324143763745,0.0002709410604375772,1.0,0.7585442585442586,0.0
tinnov,0.8,4.0,76,0.8183367416496251,0.8183367416496251,0.13,0.33,False,False,False,False,0.004861939619321774,0.0002617034737755203,1.0,0.8183367416496251,0.0
tinnov,0.8,4.0,166,1.0,1.2262760416666667,1.0,1.0,False,False,False,False,0.006793768210120473,0.00022706340786726866,1.0,1.0,0.0
tinnov,0.8,4.0,98,0.9189890710382513,0.9189890710382513,0.16,0.41,False,False,False,False,0.0019680387865229102,0.00029287424193723315,1.0,0.9189890710382512,1.1102230246251565e-16
tinnov,0.8,4.0,186,1.0,1.077354018530489,1.0,1.0,False,False,False,False,0.010028315072005774,0.00023380714017510136,1.0,1.0,0.0
tinnov,0.8,4.0,212,1.0,1.1724806201550388,1.0,1.0,False,False,False,False,0.006166031871037166,0.00028064713392709996,1.0,1.0,0.0
tinnov,0.8,4.0,249,1.0,1.0425800558779281,1.0,1.0,False,False,False,False,0.0052347877070202265,0.000298492335771791,1.0,1.0,0.0
tinnov,0.8,4.0,222,1.0,1.2246376811594204,1.0,1.0,False,False,False,False,0.00030924851721615454,0.0002427496766398992,1.0,1.0,0.0
tinnov,0.8,4.0,290,0.9470209122047953,0.9470209122047953,0.13,0.51,False,False,False,False,0.00036109343974007627,0.00025813605926866323,1.0,0.9470209122047952,1.1102230246251565e-16
